美团点评目标价为152.6港元，维持买入评级,Parataxis
丘钛科技急涨逾6%，上月摄像头模组销量增逾3%,Parataxis
汇控现跌0.5%，标普降美国13间银行评级,Causality
美股反弹，建行业绩符预期,Phenomenon-Instance
五粮液捐两千万支援长宁，上市公司一季度净利增3成,Causality
京东第一季度净利润为33亿元，同比增长215%,Supplement
新城发展现资金捞底，现升近6%,Parataxis
小米“超预期”财报发布，市值却蒸发百亿,Contrast
美东汽车升逾3%，创上市新高,Supplement
腾讯执董兼总裁刘炽平减持60万股，套现2.47亿港元,Parataxis
西部水泥涨近9%，创5年高位,Supplement
港股恒指大涨1.31%，美团暴涨6%,Phenomenon-Instance
爱康医疗急涨，创新高,Parataxis
500彩票网第二季净收入达1110万元，同比下滑22.4%,Supplement
吉利汽车涨4.75%，领涨蓝筹,Parataxis
手游股普遍造好，创梦天地升逾2%,Phenomenon-Instance
铅酸电池龙头天能动力否认做空质疑，复牌后一度暴涨近30%,Parataxis
港股有望上试50天线，料于23500点有支持,Inference
出口股受累，申洲国际跌逾3%,Phenomenon-Instance
港股恒指暴涨3.36%，升近800点,Supplement
九毛九餐厅一门店净鲈鱼检出兽药氯霉素，一度跳水跌2%,Causality
海天地悦旅关岛酒店暂停营运，料年度收益同比大减,Inference
中国飞鹤跌近8%，此前高盛下调其下半年每股盈利预测,Parataxis
摩比发展中标多个5G项目，涉逾亿人民币,Supplement
港股恒指大涨1.11%，消费股爆发,Phenomenon-Instance
宏安地产午后遭洗仓，宏安集团跌近3%,Causality
农夫山泉上市前突击分红96亿，却举债逾22亿,Contrast
中远海运港口升近6%，主动买盘60%,Parataxis
港股恒指跌4.61%，香港本地股集体暴跌,Phenomenon-Instance
港股恒指暴跌5.3%，失守23000点,Supplement
桐成控股暴涨逾130%，拟更名为火币科技控股有限公司,Inference
港股恒指大跌5.56%，泻1350点,Parataxis
中芯国际逆市上涨，逾3%,Degree
新东方第四财季净营收8.429亿美元，同比增长20.2%,Supplement
宏安地产午后遭洗仓，暴跌57%,Causality
中国金茂升逾5%，创1个月新高,Supplement
航空股终反弹，国航扬约3%,Phenomenon-Instance
中信股份涨1.38%，领涨蓝筹,Parataxis
北汽接盘，陆正耀将完全退出,Inference
港股恒指跌0.1%，华为概念股走高,Phenomenon-Instance
五菱汽车上升逾倍，创52周新高,Supplement
港股料24000点上落，初步支持位为23500点,Inference
申港控股重挫75%，大股东持股75%,Parataxis
中国外运目标价降至2.8港元，维持买入评级,Parataxis
港股恒指跌0.39%，港股通新贵小米美团走低,Phenomenon-Instance
利润8年不增长，中国旺旺却持续大额回购原因是什么？,Contrast
香港餐饮股向上，大快活上升1.28%,Phenomenon-Instance
受惠ADR赴港上市，港交所大涨近5%,Causality
港股恒指跌幅扩大至1.04%，友邦跌近3%,Phenomenon-Instance
美团点评六连升，现跌近3%,Contrast
生技股逆市受捧，君实生物及基石药业各涨约3%,Phenomenon-Instance
瑞幸收盘再度暴跌近30%，盘中股价跌破2美元,Parataxis
纳指四连升，收复年内失地,Causality
九毛九股价暴跌12%，此前出现食品安全问题,Causality
爱康医疗急涨逾14%，日前获高瓴资本增持,Causality
奶品股受捧，原生态牧业飙升10%,Phenomenon-Instance
伟易达降至跑输大市评级，下调目标价至57港元,Parataxis
中国金融投资管理5月19日回购20万股，耗资3万港币,Causality
澳洲成峰高教6月1日回购63万股，耗资17万港币,Causality
港股表现持续反复，短期仍难突破,Parataxis
美团点评早段再度破顶，现倒跌近1%,Contrast
鸿宝资源股价急升40%，创20年新高,Supplement
美团尾盘涨幅一度扩大至6%，今日盘后公布季度业绩,Parataxis
中航信附属获增资，料出售收益逾2亿人民币,Inference
福森药业6月2日回购105万股，耗资351万港币,Causality
地产股及收租股普回软，领展及九置各跌1%,Phenomenon-Instance
高鑫零售涨逾7%，收复10天及20天线,Supplement
中能国际上涨50%，暂为最佳个股,Parataxis
英国政府文件公布“无协议脱欧”，或将引发社会混乱,Inference
港股恒指高开0.56%，中国联通涨4.23%,Phenomenon-Instance
水泥股普遍造好，中国建材及海螺水泥各涨3%,Phenomenon-Instance
拼多多2018年财报营收19亿美元，亏损5.76亿美元,Supplement
稀土股再度炒高，中国稀土大涨8%,Phenomenon-Instance
创科实业上扬，暂领涨蓝筹,Parataxis
中国移动上半年净利跌逾14%，年内将建超5万个5G基站,Inference
宁沪高速公路首季转蚀，同比跌59%,Parataxis
易车网第一季度净利润为590万美元，同比下滑76%,Supplement
瑞声科技跌近6%，创约四年新低,Supplement
太平洋飙逾7%，获大摩升评级至增持,Causality
港股短期内窄幅上落，预料27000关仍能稳守,Inference
小赢科技第一季度净营收7.76亿元，同比下降1.6%,Supplement
创业集团下跌35%，两日暂累跌六成,Degree
金鹰商贸集团5月25日回购48万股，耗资362万港币,Causality
广汽集团遭野村砍价，股价大跌逾6%,Causality
港股恒指大涨1.26%，中铝国际涨12.77%,Phenomenon-Instance
爱康医疗逾近17%，现跌逾6%,Contrast
市场利好大致被消化，港股能否企稳29500点,Inference
启迪国际年度亏损2.995亿港元，不派息,Parataxis
世茂涨近5%，旗下公司获腾讯、红杉资本投资2.44亿美元,Causality
IGG于5月29日回购55万股，耗资260万港币,Causality
青岛啤酒逆市跌逾2%，遭摩通减持275万股,Causality
立高控股升逾倍，创1个月新高,Supplement
晨讯科技6月2日回购1100万股，耗资280万港币,Causality
海底捞逼近流量红利天花板，2股东减持,Causality
海通国际维持汇付天下买入评级，目标价为3.25港元,Parataxis
兑吧升近21%，创1个月新高,Supplement
阿里巴巴在香港大涨近4%，分析指“618”或将引爆需求,Inference
中国联通涨逾5%，领涨蓝筹,Parataxis
建滔集团升近6%，派末期息及特别息,Parataxis
海信家电现急涨逾6%，中期纯利上升21%,Parataxis
港股恒指高开0.25%，中芯国际大涨近3%,Phenomenon-Instance
港交所提议与伦交所合并，拟通过现金和新股发行收购,Inference
江南布衣目标价下调至16.5港元，维持买入评级,Parataxis
6家车企1-10月累计销量同比增长，13家同比下滑,Contrast
瑞声科技升逾4%，暂连升2日,Parataxis
中美贸易摩擦持续升级，美国多个行业协会和公司担忧,Causality
福寿园全年业绩有望稳增，目标价升至10港元,Inference
小米集团急升近4%，重上10天线,Supplement
美银美林收益率上升，日央行或不需要加码宽松政策,Inference
云米第三季度净利润达8390万元，同比增长116.4%,Supplement
雷蛇涨逾8%，授出206万个奖励股份,Parataxis
碧桂园创投扫货陶瓷卫浴企业，耗资超14亿,Causality
易居企业净利大增24%，即将召开业绩发布会,Inference
高盛大幅下调苹果预期，称其股价将下跌26%,Inference
中国艺术金融昨下跌63%，现反弹35%,Contrast
港铁跌近2%，失守10天线及20天线,Supplement
水泥股造好，西部水泥涨近9%,Phenomenon-Instance
华为遭美国封杀升级，舜宇、比亚迪电子暴跌10%,Causality
内银炒风减弱，建行微涨,Phenomenon-Instance
从未收4G降速通知，未对用户4G网络降速,Other
内地医药股集体走低，中国生物制药跌6%,Phenomenon-Instance
京东Q1净利润达33亿元，同比增长215%,Supplement
部分纸业股逆市造好，理文造纸上升超过4%,Phenomenon-Instance
香港交易所跌3.58%，领跌蓝筹,Parataxis
医疗网络跌逾20%，主动卖盘86%,Parataxis
春立医疗走高近6%，暂连升三日,Parataxis
兴达国际10月29日耗资114万港元，回购53.5万股,Parataxis
卡森国际升逾9%，主动买盘68%,Parataxis
中烟香港跌后反弹7%，此前中期净利大幅下滑近30%,Contrast
利丰暂连扬，四天破100天线,Parataxis
体品股普遍抽高，滔搏上涨4%,Phenomenon-Instance
长实集团逆市升逾1%，李嘉诚基金会上周分三日增持,Causality
港股恒指涨0.59%，百济神州大跌逾8%,Phenomenon-Instance
香港联系汇率制度稳固，没有非正常资金外流,Parataxis
澳门博彩股走高，澳博控股涨7%,Other
创投概念股异动拉升，复旦复华盘中封涨停,Phenomenon-Instance
钱唐控股跌逾八成，今暂涨17%,Contrast
IGG上日急涨逾9%，现下跌超过4%,Contrast
港股恒指跌1.11%，腾讯涨近2%,Phenomenon-Instance
金鹰商贸集团5月21日回购45万股，耗资338万港币,Causality
中粮系逆市受捧，中国食品上涨4%,Phenomenon-Instance
中国星集团5月29日回购133万股，耗资232万港币,Causality
航空股走软，中国国航续跌近2%,Phenomenon-Instance
燃油增仓下跌，跌破2300关口,Degree
深圳国际升近5%，创1个月新高,Supplement
李宁股价大涨，年初至今已累涨逾200%,Degree
传京东、网易通过港交所上市聆讯，两大互联网巨头招股在即,Inference
国泰君安国际5月29日回购80万股，耗资74万港币,Causality
中升控股升近3%，破顶,Supplement
万洲国际现跌逾3%，暂三连跌,Parataxis
腾讯暴涨超4%，刷新逾2年新高,Supplement
H&H国际抽高逾4%，首季总收入按同类基准按年升13%,Parataxis
合作消息被消化，中电信跌逾2%,Causality
内银股集体跳水，交行下跌3%,Phenomenon-Instance
部分香港地产股止跌回升，长实曾创月低,Phenomenon-Instance
同程艺龙2018年合并收入达60.9亿，同比增长16.5%,Supplement
乐信第四季度实现净利润7.24亿元，同比增长473%,Supplement
安踏体育现飙升5%，暂为升幅最大国指股,Parataxis
二线物管股炒起，时代邻里飙升7%,Phenomenon-Instance
信和置业跌近2%，暂为最差蓝筹,Parataxis
共建共享5G网络，中国电信涨逾5%,Causality
西部水泥跌逾7%，惟中期多赚23%,Contrast
华润燃气具备9.5%上行空间，维持跑赢行业评级,Parataxis
内地开通5G基站超20万个，中通服上升6%,Causality
横琴国际旅游岛板块大幅高开，格力地产领涨,Phenomenon-Instance
港股恒指大涨1.37%，美团、阿里大涨,Phenomenon-Instance
美图总月活跃用户数达3.08亿，较2018年12月增长0.6%,Supplement
康希诺逆市跌近11%，回吐40%,Parataxis
主营红利消逝，新丽业绩承诺难兑现,Causality
中资券商股上涨，东方证券涨7%,Phenomenon-Instance
美团点评裂口高开逾5%，再破顶,Supplement
长江基建跌逾5%，创1个月新低,Supplement
生科股获利回吐，迈博药业跌逾15%,Causality
龙光地产采纳股份奖励计划，涉及股数不超总股本的3%,Supplement
兴达国际现价上升2%，半年多赚逾25%,Parataxis
澳洲成峰高教5月12日回购10万股，耗资2万港币,Causality
鹰普精密跌近5%，创上市新低,Supplement
部委密集发声透底政策风向，重点培育先进制造业集群,Other
港元利率杀跌汇率强势，海外资金回流港股市场,Causality
美团点评目标价升至133元，维持买入评级,Parataxis
港交所现价涨近2%，大摩高盛各升目标价,Causality
港股恒指跌1.11%，中芯国际大涨9%,Phenomenon-Instance
渣打集团上涨3%，首三季税前溢利增长胜预期,Parataxis
君实生物跌近4%，料中期亏损扩大至逾5亿,Inference
地产收租股连续第二日跑输，九置跌近3%,Phenomenon-Instance
澳门博彩股集体爆发，银河娱乐涨5.3%,Phenomenon-Instance
创科实业可领跑同业，给予增持评级,Parataxis
券商股早盘集体拉升，华创阳安涨停,Phenomenon-Instance
科技股回暖，创业板指涨近1%,Phenomenon-Instance
希慎兴业九连跌，累挫16%,Degree
北向资金净买入36.99亿元，深股通净买入28.14亿,Phenomenon-Instance
港股恒指跌1.81%，内地医药股大跌,Phenomenon-Instance
舜宇光学跌逾10%，主动卖盘49%,Parataxis
百年老店28年上市地位终结，利丰今日正式退市,Parataxis
中联通升近2%，获高盛升至买入评级,Causality
中国人寿维持中性评级，上调目标价至20港元,Parataxis
金山软件目标价升至36港元，维持买入评级,Parataxis
高盛看好未来收入增长空间，维持金山软件买入评级,Causality
美国原油期货周二收跌0.8%，美或解除对伊石油制裁,Inference
海通证券跌近5%，创上市新低,Supplement
美银美林重申华润啤酒买入评级，目标价升至49港元,Parataxis
A股反复向下拖累内险股，太保跌逾3%,Phenomenon-Instance
绿叶制药现涨近半成，中期多赚36%,Parataxis
光明地产净利腰斩，并购寻路,Parataxis
政策利好，医药股集体大涨,Causality
富智康涨逾3%，中期亏损收窄至8408万美元,Contrast
华兴资本跌逾2%，创新低,Supplement
恒伟集团仍炒高近34%，上周五遭主席卓善章夫妇减持,Contrast
华润燃气升逾5%，主动买盘53%,Parataxis
吉利汽车反弹逾3%，获大行维持买入评级,Causality
香港经济股反弹，恒基地产飙近5%,Phenomenon-Instance
华兴资本控股5月22日回购3万股，耗资32万港币,Causality
股价抢跑6.16%，美团一季度考验内功,Parataxis
呷哺呷哺飙逾6%，上周二获景顺增持125万股,Causality
汇思太平洋上日涨逾33%，现突遭洗仓,Parataxis
周大福上涨3%，获美银证券重申买入评级,Causality
中兴通讯逆市跌逾2%，遭富瑞降级至跑输大市,Causality
海纳智能获超额认购已逾百倍，拟6月3日IPO上市,Inference
敏华控股现扬5.47%，暂五连升,Parataxis
拉夏贝尔升近11%，主动买盘61%,Parataxis
Moderna耍财技，恒指支持看10天线,Causality
恒指短期内仍有炒作，或在27000点好淡争持,Inference
建行及农行齐涨近1%，全线获中国银河首予增持评级,Causality
农夫山泉IPO前突击分红，大股东独得9成,Supplement
港股恒指大涨1.2%，美团暴涨逾8%,Phenomenon-Instance
乳业股普遍回吐，澳优跌近6%,Phenomenon-Instance
恒大健康升近41%，创1个月新高,Supplement
平安好医生再抽高逾4%，暂六连涨,Parataxis
联康生物科技集团5月6日回购64万股，耗资10万港币,Causality
小米终止A股IPO，港股上市一年股价却已腰斩,Contrast
粤海投资现升近3%，暂为最佳国指股,Parataxis
五菱汽车盘中暴涨120%，公司称销售电话被打爆,Parataxis
大摩预计香港楼价全年增5%，首选新地及新世界发展,Inference
长建领跌，腾讯亦跑输,Other
恒指迎重大转变，阿里、美团、小米等有望8月被纳入,Inference
九龙仓置业昨日急升12%，现下跌超过3%,Contrast
香港新世界捐地建公屋，还将持续加码300万平方尺,Inference
物管股普遍走低，宝龙商业跌近6%,Phenomenon-Instance
京东第三季度净利润为31亿元，同比增长160.6%,Supplement
金山软件逆市上涨，创逾三个月高位,Supplement
移卡获641.38倍认购，暗盘跌9.49%,Parataxis
港交所IPO审查联席主管史琳离职，多名中高层职务调整,Parataxis
联想集团股价转跌，一度涨8%,Degree
小米2019第三季度净利润为34.72亿元，同比增长20.3%,Supplement
莎莎国际现跌逾2%，花旗维持沽售评级,Contrast
趣店三季度营收为19.3亿元，同比增长32.9%,Supplement
地产及收租股随市走高，长实扬逾3%,Phenomenon-Instance
航空股回勇，东方航空及南方航空齐升近6%,Phenomenon-Instance
东风集团跌近3%，遭英国保诚减持607万股,Causality
金山云和金山软件均成功上市，雷军揭秘背后原因,Parataxis
港股恒指涨0.6%，银行股、券商股暴涨,Phenomenon-Instance
港股恒指高开低走跌0.11%，五菱暴涨56%,Contrast
好孩子国际升逾10.45%，半年多赚约2%,Parataxis
阅文集团升至中性评级，上调目标价至51港元,Parataxis
招商局港口升逾5%，暂连升3日,Parataxis
港股中午收市上升101点，有望突破27200点,Inference
华电福新上升8%，完成发行30亿人民币绿色债券,Parataxis
阅文集团诚恳聆听外界意见，但对恶性谣言保留追究权利,Contrast
新达控股升逾22%，创1个月新高,Supplement
精熙国际5月8日回购6万股，耗资3万港币,Causality
巨星医疗控股5月11日回购21万股，耗资27万港币,Causality
燃气股普遍回吐，新奥能源走低逾2%,Phenomenon-Instance
沪指破三千关，中国银河上涨3%,Phenomenon-Instance
双重压力内房股集体受挫，世茂华润跌5%,Phenomenon-Instance
港股整体仍缺大方向，料上攻24800点有阻力,Inference
中国光大国际目标价降至6.6港元，给予增持评级,Parataxis
交银国际关注抗病毒药物，推荐买入丽珠及东阳光药,Parataxis
中国天保集团拟发行2亿股，预期11月11日上市,Inference
领展跌逾3%，主动卖盘67%,Parataxis
内银股撑市，港股跌势收窄至45点,Causality
教育股续有追捧，枫叶教育涨4%,Phenomenon-Instance
庄园牧场升近11%，创1个月新高”,Supplement
中航科工5月26日回购308万股，耗资1027万港币,Causality
威高股份逆市涨近2%，拟分拆业务科创板上市,Inference
众安房产6月1日回购247万股，耗资56万港币,Causality
旷视回应中止港股上市计划，正积极考虑科创板,Parataxis
新奥能源涨近4%，获野村升目标价,Causality
澳洲成峰高教10月31日耗资11.41万港元，回购39万股,Parataxis
恒生中国企业现微跌近1%，惟大摩净买入5569万元,Contrast
瑞声科技跌近4%，失守10天线,Supplement
香港官方楼价指数连跌两个月，香港本地地产股再大跌,Other
股价再涨3%，今年累涨186%,Degree
澳优升近3%，创上市新高,Supplement
中国恒大反弹逾半成，相隔两年再回购涉1亿元,Parataxis
油服股全面向上，中石化油服飙逾8%,Phenomenon-Instance
腾讯涨4%，创2年新高,Supplement
242只个股昨逆市上涨，吸金近38亿,Parataxis
众安在线绩前升逾6%，收复50天线,Supplement
大和上调昆仑能源目标价至5.7港元，维持买入评级,Parataxis
拼多多二季度研发费用为8.04亿元，同比增长332%,Supplement
物管股普遍回吐，保利物业下跌4%,Phenomenon-Instance
腾讯Q3收费增值服务注册账户超1.54亿，同比增长23%,Supplement
京东盘前大涨7.8%，今日获谷歌5.5亿美元投资,Causality
慕容控股逆市飙升35.2%，两日暂累升45%,Degree
大摩指康希诺新冠疫苗60%机率成功，大升目标价1.5倍,Causality
富智康集团续跌3%，未受其他同业升势带动,Contrast
云集第一季度营收33.856亿元，同比增长53.2%,Supplement
长江基建下跌3%，电能实业下跌2%,Other
“华尔街之狼”伊坎移居迈阿密，或为躲避纽约高税,Inference
易鑫集团升近10%，创1个月新高,Supplement
广汽逆市走低逾2%，领跌国指,Parataxis
开拓药业公开发售，每股发售价为20.15港元,Parataxis
手机设备股领跌蓝筹，舜宇光学跌逾3%,Phenomenon-Instance
阿里巴巴开跌2%，去年第4季按年少赚88%,Parataxis
交行发行400亿人民币二级资本债券，票面利率为3.24%,Supplement
新奥能源上升半成，暂领涨国指股,Parataxis
平安好医生董事局主席离职，公司股价一度暴跌10%,Causality
江南集团现跌15.38%，主动沽盘71%,Parataxis
金沙中国续跌逾2%，传母企放弃竞逐日本赌牌,Inference
纳指收复年内失地，港股24000点争持,Parataxis
小米2018年实现国际市场收入700亿元，同比增长118.1%,Supplement
微创医疗暂连升三日，累涨逾19%,Degree
百威亚太跌逾3%，连续5日下跌,Parataxis
首沣控股创上市新低，现逆市反弹近8%,Contrast
上海证大大涨7.5%，澄清戴志康已转让所持股份,Other
方圆房地产升逾8%，今起转主板挂牌,Parataxis
手机设备股现获利盘，瑞声下跌4%,Phenomenon-Instance
海尔电器净利同比大增8.2%，股价大涨8%,Causality
平安好医生再抽高逾4%，累升超过26%,Degree
港股逼近牛熊线，上升265点,Parataxis
招金矿业下跌，超2%,Degree
恒基地产飙近5%，领涨蓝筹,Parataxis
阿里、腾讯均净增近2千亿，美团涨2%，沽空率急速下滑,Contrast
九置跌逾3%，报31.15港元,Supplement
中国中药抽升逾11%，创一个月新高,Supplement
南华金融跌逾41%，创52周新低,Supplement
西部水泥升近11%，创52周新高,Supplement
腾讯音乐四季度盘后先涨3%，后跌8%,Contrast
物管股普遍走低，雅生活服务跌逾5%,Phenomenon-Instance
西伯利亚跌逾15%，创上市新低,Supplement
康师傅跌逾6%，遭高盛下调至中性评级,Causality
利丰上涨6%，破20天线,Supplement
香港电视急跌逾10%，上半年亏损扩至1.55亿元,Parataxis
西部水泥升近11%，暂连升4日,Parataxis
东方航空现跌逾3%，失守十天线,Supplement
中烟香港下跌逾10%，两日累挫约16%,Degree
复宏汉霖创上市新低，现逆市反弹近2%,Contrast
巨星医疗控股5月6日回购26万股，耗资32万港币,Causality
内地医药股走低，微创医疗跌12%,Phenomenon-Instance
华润置地跌近3%，报31港元,Supplement
友邦保险升逾3%，报68.1港元,Supplement
发布“地摊经济”售货车，五菱汽车午后一度暴涨100%,Causality
恒生银行跌逾5%，创1个月新低,Supplement
新东方在线再抽升逾半成，续创历史新高,Parataxis
医药股集体大涨，基石药业涨9.54%,Phenomenon-Instance
网易通过港交所聆讯，再引中概股回归潮？,Other
中粮肉食逆市走高逾8%，获纳入深港通,Causality
兰亭集势第四季度营收5750万美元，同比下滑37.2%,Supplement
小米股价高开1%，市值突破400亿美元,Parataxis
中海油服暂五连升，兼创一年半高位,Supplement
中国联塑抽升超10%，花旗重申买入评级,Causality
港股表现牛皮，报26683点,Parataxis
港股恒指大涨1.02%，小米暴涨7%,Phenomenon-Instance
中航科工6月1日回购83万股，耗资300万港币,Causality
多国制造业PMI跌至荣枯线下，市场静待全球央行信号,Other
阅文集团跌逾1%，遭前CEO场外减持1000万股,Causality
中天国际升逾73%，创1个月新高,Supplement
维信金科6月1日回购10万股，耗资42万港币,Causality
阿里影业财年业绩内容投资收入10亿，拟收购银河酷娱,Inference
领展升近1%，美银美林指其营运杠杆低,Contrast
东方证券首三季纯利为17.41亿元，同比增92.67%,Supplement
母婴DHA零售商纽曼思二次冲刺港交所，市场份额达16%,Parataxis
香港地产股受压，新世界发展跌逾4%,Phenomenon-Instance
凤凰新媒体第四季度营收4亿元，同比由盈转亏,Supplement
新高教升逾4%，创一年高位,Supplement
美团暴涨超8%，市值破千亿美元,Parataxis
野村上调申洲国际目标价至114.1港元，重申买入评级,Parataxis
中国联通2018年全年净利为101.97亿元，同比增长457.82%,Supplement
港股恒指跌1.45%，医疗设备股大涨,Contrast
金沙中国升近5%，主动买盘60%,Parataxis
澳洲成峰高教5月6日回购29万股，耗资7万港币,Causality
迈博药业升逾20%，主动买盘68%,Parataxis
雅迪控股升逾9%，创上市新高,Supplement
阅文集团飙近17%，本月累涨近40%,Degree
小摩维持嘉里物流增持评级，下调目标价至15港元,Parataxis
舜宇光学飙逾4%，大摩维持增持评级,Causality
饿了么口碑第二财季营收68.35亿元，同比增长36%,Supplement
黄金股普涨，山东黄金及招金矿业各涨3%,Phenomenon-Instance
东正金融现跌近22%，创上市新低,Supplement
手游股普遍造好，中手游升近5%,Phenomenon-Instance
中国稀土抽升5%，创逾5个月高位,Supplement
建业新生活募资20.55亿港元，15日港交所上市发行,Parataxis
市场趋势性上涨，需待基本面数据回升,Other
北向资金净流入8.53亿元，沪股通净流入5.05亿,Phenomenon-Instance
香港零售股上升，I.T现涨近8%,Phenomenon-Instance
恒指微跌0.14%，苹果概念股大涨,Contrast
燃气股急升，中国燃气涨近6%,Phenomenon-Instance
港股恒指涨0.54%，SOHO中国反弹近14%,Phenomenon-Instance
兴业太阳能逆市飙升逾15%，破10天及20天线,Supplement
盛源控股连续三年亏损，公司被联交所暂停买卖,Causality
咖啡行业巨头开启大规模扩张，中小企业或被淘汰出局,Inference
碧桂园与LG成立合资公司，合作建绿色生态智慧城市,Parataxis
中信股份本周五除净，现价涨近2%,Parataxis
石药集团走高逾4%，暂七连升,Parataxis
裕元集团现涨逾3%，破10天及20天线,Supplement
中通服现跌逾4%，创13个月新低,Supplement
港股恒指涨0.58%，华为遭封杀,Contrast
香港餐饮股向上，大家乐升逾3%,Phenomenon-Instance
维他奶暂四连跌，失守20天及50天线,Parataxis
出口股受累，创科实业跌近3%,Phenomenon-Instance
海纳智能上市首日大幅低开12%，2019年利润下滑20.75%,Parataxis
东阳光药5月22日回购15万股，耗资444万港币,Causality
招金矿业跌逾2%，国际金价跌穿1500美元,Parataxis
网易入场费约为12727港元，在香港市值将超过200亿港元,Inference
中国铁塔现跌近2%，遭富瑞降至持有评级,Causality
优品360突有资金追捧，股份现涨逾8%,Causality
港股跌势收窄至45点，报23256点,Supplement
恒大1023个项目全部复工，复工人数达78万人,Parataxis
华电福新私有化要约引发风电股狂欢，大唐新能源涨13%,Causality
基建政策符合预期，推荐买入中国铁建及中铁,Parataxis
水泥股普跌，亚洲水泥上日急涨7%,Phenomenon-Instance
杭品生活升近58%，创1个月新高,Supplement
集成电路概念股异动拉升，力源信息封涨停,Phenomenon-Instance
富瑞上调同程艺龙目标价至16.1港元，维持买入评级,Parataxis
中国移动上半年营收利润双降，全年5G投资或达240亿元,Inference
易大宗5月25日回购31万股，耗资5万港币,Causality
中联通升近2%，暂领涨蓝筹,Parataxis
维亚生物升近20%，创上市新高,Supplement
绿城服务跌幅超4%，公司拟折让7%,Inference
摩拜单车贡献收入15亿元，同期亏损45.5亿元,Supplement
阅文集团涨逾4%，近月已连续回购超过87万股,Parataxis
大摩下调蒙牛乳业目标价3%至34港元，维持增持评级,Parataxis
周黑鸭急速跳水，大跌逾6%,Degree
万洲国际暂三连跌，累计蒸发超过4%,Degree
内港股市齐跌证券股受压，海通证券下跌9%,Phenomenon-Instance
五菱汽车大涨超18%，五菱自荐售货车助力地摊经济,Parataxis
沪镍基本收回昨夜尾盘闪崩跌幅，仅跌近1%,Contrast
中铝国际跌近3%，创上市新低,Supplement
腾讯不到2月市值增近万亿，首富马化腾身家增800亿元,Parataxis
海信家电涨近13%，间接控股股东拟深化混合所有制改革,Inference
中国星集团6月2日回购27万股，耗资47万港币,Causality
逾30万亿港元市值遭遇大消息，李小加将卸任港交所掌门,Inference
搜狗第三季度营收2.77亿美元，同比增长7%,Supplement
威高股份目标价升至9.3港元，重申买入评级,Parataxis
康希诺生物现涨逾半成，十连升,Parataxis
九毛九关闭客流较少的门店，撤出京津及武汉,Parataxis
首次中标国家电网项目，中兴通讯H股涨11%,Causality
比亚迪股份涨幅扩大至4%，未来或成为奥迪电池供应商,Inference
香港本地地产股集体暴跌，九龙仓置业跌7%,Phenomenon-Instance
中国铁塔跌近2%，惟获汇证重申买入,Contrast
信德集团升近20%，创1个月新高,Supplement
北向资金净流入24.27亿，沪股通净流入21.71亿,Phenomenon-Instance
搜狐第三季度实现收入4.6亿美元，同比下降11%,Supplement
中国光大绿色跌近3%，创上市新低,Supplement
天能动力现升10%，上日回购60.2万股,Parataxis
建业新生活赴港上市，近八成收入来自物业管理,Parataxis
克莉丝汀去年全年度亏损约2.24亿人民币，不派息,Parataxis
美股全线暴跌，道指一度下跌700多点,Phenomenon-Instance
中海物业升近4%，创上市新高,Supplement
中石油跌近4%，第三季少赚58%,Parataxis
九江银行2018年净利为17.58亿，同比下降0.5%,Supplement
兖州煤业净利大增23%，公司股价涨幅扩大至16%,Parataxis
招商银行上半年实现净利润497.88亿元，同比下降1.63%,Supplement
美银美林重申阿里巴巴买入评级，目标价降至235港元,Parataxis
中国星集团5月20日回购200万股，耗资350万港币,Causality
港股恒指跌0.27%，消费股逆市大涨,Contrast
迅雷2018年总营收2.3亿，同比增长15%,Supplement
海尔电器飙升8%，中期多赚8%,Parataxis
港股恒指跌0.65%，失守二万四,Supplement
天福5月29日回购0.5万股，耗资2万港币,Causality
易鑫集团升逾9%，创1个月新高,Supplement
港股恒指跌0.83%，石油股逆市暴涨,Contrast
中国科培升近4%，创上市新高,Supplement
手机设备股领涨蓝筹，舜宇升超过2%,Phenomenon-Instance
百威亚太再启招股，青岛啤酒涨逾2%,Phenomenon-Instance
友邦迎新掌门，李源祥接任首席执行官兼总裁,Parataxis
畅游第四季度营收1.44亿美元，同比上升11%,Supplement
星宇控股上升40%，主动买盘59%,Parataxis
中信保诚人寿再次举牌中集集团，持股比例突破5%,Parataxis
腾讯微信及WeChat合并月活账户数达11.327亿，同比增7%,Supplement
永盛新材料5月15日回购250万股，耗资488万港币,Causality
市况向好，惟中国移动逆市受压,Contrast
南方能源被招银国际强制平仓1.31亿股，大股东或易主,Inference
内房股今日升跌互现，中国金茂及佳兆业现跌近2%,Phenomenon-Instance
羽绒服冬季销售几乎完成，波司登大涨10%,Phenomenon-Instance
康希诺大幅反弹近4%，两会称疫苗效果将在5月揭盲,Inference
中国恒大股价大跌近6%，今年以来重挫30%,Parataxis
沛嘉医疗、伊登软件获火爆认购，新经济股受投资者青睐,Causality
保利置业收传讯令状，要求出售澳门地皮销售通知无效,Parataxis
花旗上调金蝶国际目标价至17港元，维持买入评级,Parataxis
海通证券下跌9%，为最差国指股,Parataxis
中国白银飙逾7%，现货白银涨近1%,Other
嘉里建设目标价降至38.4港元，维持增持评级,Parataxis
天保能源大涨18%，获中国证监会批准H股全流通计划申请,Causality
中海油跌逾4%，创近今年低位,Supplement
手机设备股领涨蓝筹，舜宇亦升近4%,Phenomenon-Instance
中国电信升近2%，与联通合作建立5G基站,Parataxis
中升控股飙近7%，创15个月近高,Supplement
吉利汽车涨近8%，中金上调目标价逾20%,Causality
好未来第三财季营收5.86亿美元，同比增长35.3%,Supplement
飞鹤进入招股首日，募资规模或超过86亿港元,Inference
内房股午后涨幅扩大，中国恒大一度涨超8%,Phenomenon-Instance
克莉丝汀午后一度暴涨500%，净利却连续第7年亏损,Contrast
中生制药绩后倒升逾8%，冠蓝筹,Parataxis
澳门促旅游业，金粤控股飙升23%,Causality
恒指跌2.16%，恒大健康涨37%,Contrast
港交所反弹近3%，传京东本月底来港上市筹265亿港元,Inference
国能国际资产年度转赚937.6万元，不派息,Parataxis
农夫山泉大股东独得9成，上市意图存疑,Parataxis
期价创逾9个月新高，两个月不到涨超30%,Parataxis
舜宇光学科技跌逾5%，暂连跌2日,Parataxis
黄经辉退任友邦保险行政职务，李源祥执掌帅,Other
易大宗5月26日回购30万股，耗资5万港币,Causality
希玛眼科炒高，逾约10%,Degree
热门题材回调，机构称四季度或有收官行情,Inference
万科H股增发，折扣率创历史新低,Parataxis
利邦上日走高近4成，上半年扭亏为盈,Parataxis
腾讯投资的移卡开始评估香港IPO需求，或募集资金3亿美元,Inference
港股恒指高开0.31%，美高梅涨近10%,Phenomenon-Instance
博雅互动去年少赚83.2%，不派息,Parataxis
吉利汽车升逾3%，主动买盘68%,Parataxis
华彩控股现涨20%，连升三日,Parataxis
渣打集团暂四连升，累涨10%,Degree
中国人寿涨4%，领涨蓝筹,Parataxis
精熙国际5月21日回购3万股，耗资2万港币,Causality
诺诚健华续涨近3%，再破顶,Supplement
美团暴涨逾8%，市值一度超1200亿美元,Parataxis
港股恒指涨0.4%，瑞声科技暴涨超8%,Phenomenon-Instance
日清食品创近2个月高位，下周一放榜,Other
港股续有北水支撑，预料于26700点有支持,Inference
美团外卖佣金收入86亿，经营亏损大增32%,Contrast
第一上海若成功回港上市，将上调目标价至531.67美元,Inference
康宁医院下跌9%，暂三连跌,Parataxis
北向资金净流出1.02亿，沪股通净流出3.08亿,Phenomenon-Instance
金鹰商贸集团6月3日回购0.1万股，耗资0.726万港币,Causality
高富集团升逾67%，创1个月新高,Supplement
中远海能反弹，超7%,Degree
石油股跌幅扩大，中石油跌2.5%,Phenomenon-Instance
海通国际再实施股权激励，行政总裁林涌获赠90万份最多,Parataxis
日清食品飙近9%，获大和及野村升目标价,Causality
友邦保险重申跑赢行业评级，维持目标价101港元,Parataxis
李宁调任公司联席行政总裁，股价再涨3%,Causality
钱唐控股强势反弹，涨逾60%,Parataxis
华为出货量增长66%市，华为概念股爆发,Causality
简普科技第三季度净亏损1980万元，同比加剧,Supplement
大摩上调中升控股目标价至50港元，维持增持评级,Parataxis
云米第三季度实现净利润3870万元，同比增长35.6%,Supplement
广东概念股爆发，腾讯涨近4%,Phenomenon-Instance
星展上调香港宽频目标价至17.5港元，重申买入评级,Parataxis
中粮包装5月15日回购8万股，耗资25万港币,Causality
小米第四季度营收为444.21亿元人民币，同比增长26.5%,Supplement
港股金融股大涨，中银香港涨4.9%,Phenomenon-Instance
孙宏斌对金科持股降至4.99%，累计回笼资金104亿元,Degree
中国石油跌近3%，油价下跌2%,Causality
中石油跌近4%，暂为最差蓝筹,Parataxis
旭辉控股飙升10%，以18亿元出售物业,Parataxis
比亚迪第三季度净利润为1.2亿元，净利润下降89%,Parataxis
稀土股再度炒高，五矿稀土涨逾3%,Phenomenon-Instance
康希诺生物股价3天重挫27%，新冠疫苗研发进度受关注,Parataxis
协合新能源5月20日回购37万股，耗资11万港币,Causality
美股先升后跌，港股续于23000点争持,Other
广汽集团股价将于未来15天上升，给予增持评级,Causality
融创抛售金科股票，套现68亿,Parataxis
碧桂园升近3%，主动买盘64%,Parataxis
数码通突破20天线，今日放榜,Parataxis
汇丰维持敏华控股买入评级，升目标价至6.38港元,Parataxis
恒指升至27150点附近，成交额增至894亿元,Parataxis
新东方2019财年Q1净利润为1.84亿美元，同比增长14%,Supplement
港交所升逾2%，传网易来港第二上市,Inference
搜狗一季度营收2.527亿美元，同比增长2%,Supplement
港股恒指暴跌5.3%，香港本地股暴跌,Phenomenon-Instance
中兴通讯下跌4%，失守10天、50天及100天线,Supplement
港股恒指跌0.31%，香港本地股、科网股集体走弱,Phenomenon-Instance
港股恒指涨0.05%，汽车股集体爆发,Phenomenon-Instance
华润燃气跌超7%，拟折让7.14%配股募资36.7亿元,Inference
云米第一季度净利润为5310万元，同比增长68%,Supplement
内银股集体跳水，招商银行下跌4%,Phenomenon-Instance
料港股近期有望延续升势，可留意蓝筹,Other
瑞银维持敏华控股买入评级，降目标价至7.5港元,Parataxis
中芯国际2019年Q2净利为1853.9万美元，同比下降64%,Supplement
中国中铁挫逾2%，遭摩通减持490万股,Causality
中汇集团上涨，逾近4%,Degree
威高股份上升4%，创上市新高,Supplement
中兴通讯上升9%，报21.35港元,Supplement
21世纪教育5月28日回购188万股，耗资118万港币,Causality
中概股普跌，A股两级分化,Phenomenon-Instance
中石化跌逾2%，失守100天线,Supplement
建行中期多赚半成，惟逊预期,Contrast
港股午后微升1点，报26682点,Supplement
恒安国际跌近4%，兼目前最差蓝筹,Parataxis
中海油升近5%，暂连升2日,Parataxis
瑞声科技跌近4%，中期少赚57%,Parataxis
东航现涨5.43%，中期少赚15%,Parataxis
郑州银行跌近3%，创上市新低,Supplement
中资电讯股普遍走弱，中联通跌逾3%,Phenomenon-Instance
广汽集团绩后遭大行削目标价，现由升转跌挫,Causality
内房股在香港集体走低，恒大跌6%,Phenomenon-Instance
石药有望追落后，港交所待回调吸纳,Inference
中金公司上扬，涨逾5.41%,Degree
港股恒指平开，中芯国际拟科创板IPO,Inference
物管股再强势，佳兆业美好飙近8%,Phenomenon-Instance
昊海生物科技5月8日回购35万股，耗资1395万港币,Causality
港龙地产再递交招股书，2019年实现营收19.78亿,Parataxis
中国飞鹤渠道健全管理高效，首予买入评级,Causality
携程网第四季度营收76亿元，同比增长22%,Supplement
比亚迪电子上升7%，创逾一个月高位,Supplement
民航信息涨近4%，获大和上调目标价,Causality
赣锋锂业升至跑赢大市评级，升目标价至29港元,Parataxis
申洲国际升逾3%，主动买盘58%,Parataxis
阅文集团飙近6%，推出单本可选新合同,Parataxis
民银资本5月29日回购29万股，耗资4万港币,Causality
物管股飙升，建业新生活超购36倍,Phenomenon-Instance
兴业证券首次覆盖国泰君安国际，授予跑赢大市评级,Parataxis
港股恒指拉升涨近2%，中资券商股集体上涨,Phenomenon-Instance
方达控股逆市升逾6%，暂五连扬,Parataxis
港股恒指高开0.56%，神州租车暴涨近13%,Phenomenon-Instance
敏实集团中期少赚9%，惟获多间大行唱好,Contrast
民银资本5月25日回购30万股，耗资4万港币,Causality
中国星集团5月4日回购200万股，耗资350万港币,Causality
中国人寿逆市扬逾2%，暂领涨蓝筹,Parataxis
小摩上调潍柴动力目标价至16.2港元，维持中性评级,Parataxis
昆仑能源升逾3%，中期纯利仅微增近2%,Parataxis
帝国集团升近41%，创1个月新高,Supplement
新秀丽急涨近9%，获Capital增持120万股,Causality
方正控股飙升9%，母公司拟卖盘予珠海国资委,Inference
广汇宝信跌逾10%，创1个月新低,Supplement
内银续回落，招行跌2%,Phenomenon-Instance
周黑鸭获里昂看好且冲刺“616”购物节，公司股价大涨5%,Causality
海纳智能挂牌翌日跌近13%，累计“潜水”24%,Degree
阳光油砂飙逾14.33%，曾创近8个月新高,Supplement
中天建设拟赴港上市，成本占收益9成以上,Inference
亚证地产5月6日回购20万股，耗资24万港币,Causality
淘宝天猫移动月活用户达7.21亿，同比上涨1亿和2200万,Supplement
腾讯PC端游戏第四季营收112亿元，同比下降13%,Supplement
教育股普遍走高，中汇集团上扬4%,Phenomenon-Instance
奶品股逆市普涨，蒙牛乳业升逾1%,Phenomenon-Instance
中国电信续逆市上升4%，突破10天及50天线,Supplement
港股恒指跌0.26%，香港交易所跌3.5%,Phenomenon-Instance
洛阳钼业逆市走低近4%，遭大华继显降评级,Causality
A股及港股表现偏软，短期可留意中资金融股,Other
北向资金净买入21.31亿元，沪股通净买入21.58亿,Phenomenon-Instance
农业银行规模扩张，却没有带来收入,Contrast
美兰空港上升6%，复星旅文上涨7%,Other
王兴跻身富豪前20强，财富超百亿美元,Parataxis
利丰开升逾2%，报1.24港元,Supplement
RITAMIX涨101%，伊登软件跌15%,Contrast
小摩维持香港交易所增持评级，升目标价至275港元,Parataxis
美高梅中国涨逾2%，破100天线,Supplement
港股恒指高开低走跌0.11%，美团涨4%,Contrast
中国7月对外直接投资680.6亿元人民币，同比增长25.5%,Supplement
天福5月25日回购1万股，耗资5万港币,Causality
中国恒大6月1日回购1459万股，耗资25013万港币,Causality
马化腾连续四日减持965万股，持股减少为8.42%,Parataxis
网龙绩后跌近7%，失守100天线,Supplement
洛阳钼业扬近3%，贝莱德上周五增持1688万股,Parataxis
中银维持买入评级，目标价为39.8港元,Parataxis
蒙牛乳业上升逾2%，创上市新高,Supplement
巨星医疗控股5月22日回购20万股，耗资24万港币,Causality
周黑鸭放量成交1.2亿股，涉资4.6亿,Supplement
燃气股逆市走高，天伦燃气上升3%,Phenomenon-Instance
诺诚健华续涨近3%，获纳入恒指生物科技指数,Causality
敏华控股重申买入评级，升目标价至7.8港元,Parataxis
中国星集团5月25日回购167万股，耗资292万港币,Causality
长实集团升逾3%，报42.8港元,Supplement
北向资金净流出1.83亿，深股通净流出1.86亿,Phenomenon-Instance
福特将在美国得州测试自动驾驶，2021年有望规模运营,Inference
广汽集团现涨不足1%，中期纯利跌近三成,Parataxis
平安好医生获汇证重申正面看法，惟仍跌逾2%,Contrast
钱唐控股连升两日，累涨91%,Degree
蒙牛乳业升逾3%，暂连升2日,Parataxis
澳洲成峰高教6月2日回购43万股，耗资11万港币,Causality
港股现阶段料先作整固，其后再上试26100点,Inference
吉利汽车配售6亿股，占发行后股本6.11%,Supplement
联储局若如预期减息，将助港股重上27000关,Inference
北方矿业抽升，创1个月新高,Parataxis
华兴资本控股5月20日回购0.71万股，耗资7万港币,Causality
中粮系逆市受捧，中粮肉食飙逾半成,Phenomenon-Instance
优信第四季度营收11.37亿元，同比增61.6%,Supplement
渣打集团扬近4%，破100天线,Supplement
舜宇光学炒高近2%，暂为最佳蓝筹,Parataxis
碧桂园下跌，超过4%,Degree
小摩下调交通银行目标价至6港元，维持增持评级,Parataxis
太阳城集团扬逾10%，破牛熊线,Supplement
港股午后跌幅扩大，报25389点,Parataxis
融创中国逆市上涨3%，获美银美林净买入4307万元,Causality
手游股炒起，心动公司上升9%,Phenomenon-Instance
瑞银下调阿里巴巴目标价至243美元，给予买入评级,Parataxis
泡泡玛特融资近10亿，华兴、金鹰为股东,Parataxis
渣打集团暂五连升，累涨21%,Degree
市场做多情绪高涨，恒指有望继续走高,Inference
电能实业目标价降0.9%至56.5港元，予买入评级,Parataxis
中原银行下跌5%，累跌20%,Degree
内房股第3季才是入市时机，首选旭辉融创等5股,Parataxis
吉利汽车折让7.85%，配售6亿股,Parataxis
丰巢扑街，五毛钱收费或令物管成大赢家,Inference
中电控股大涨，获花旗升至买入评级,Causality
瑞声科技第三季度收入达50亿元，同比增长3%,Supplement
西藏水资源升逾39%，创1个月新高,Supplement
华为手机销量一季度下滑17%，PC增长120%,Contrast
吉利汽车跌逾3%，报12.68港元,Supplement
宜人贷第二季度营收22亿元，同比下降20%,Supplement
新氧二季度营收为2.85亿元，同比增长87.3%,Supplement
内银随市走高，交行涨近2%,Phenomenon-Instance
开拓药业公开发售，获认购551.32倍,Causality
21世纪教育5月22日回购210万股，耗资137万港币,Causality
翰森制药升近2%，创上市新高,Supplement
港股恒指跌0.55%，险守24000,Supplement
内地医药股集体走低，石药集团跌11%,Phenomenon-Instance
友邦午后跌幅扩大至逾2%，失守100天线,Supplement
国瑞置业升近11%，主动买盘69%,Parataxis
永顺控股香港上升18%，创52周新高,Supplement
港股恒指跳水转跌0.63%，港交所逆市大涨2%,Contrast
兖州煤业5月4日回购600万股，耗资3403万港币,Causality
新天绿色能源目标价降至2.9港元，维持买入评级,Parataxis
彩生活现跌逾8%，惟中期多赚23.2%,Contrast
康希诺股价跌近9%，腺病毒载体成争论点,Parataxis
宝钢股份前三季度实现净利88.74亿，同比降43.65%,Supplement
纳斯达克拟收紧上市规则，限制中国企业招股,Inference
福特发布最全电动车阵容，2024年电动车型将达17款,Inference
梁志天设计回落，现跌4%,Degree
郑州银行跌近2%，创上市新低,Supplement
汇控逆市微升近1%，联储局再次承诺维持近零利率,Other
Q1净利润暴跌97%，赣锋锂业却被南下大资金扫货,Contrast
北向资金共计流入12.89亿元，中国平安净买入3.19亿元,Phenomenon-Instance
港交所目标价升至310港元，给予增持评级,Causality
恒指涨近1%，东亚银行涨18%,Phenomenon-Instance
信达生物抽升逾6%，新药研究取得成果,Parataxis
港股恒指暴涨3.36%，地产股爆发,Phenomenon-Instance
光大控股大涨，超过3%,Degree
长建领跌，港股跌幅扩大至129点,Other
汇源与天地壹号首次携手，拟投60亿建合资公司,Inference
普汇中金国际突遭洗仓，现跌逾66%,Causality
海南自贸港总体方案印发，航空股美兰空港再涨5%,Causality
港股午后升幅扩大，现报24108点,Parataxis
富力地产销售目标难完成，股价已跌近4成,Causality
前程无忧第三季度营收9.89亿元，净利同比降62%,Supplement
国际油价下跌，中石化跌逾2%,Phenomenon-Instance
五菱汽车股价涨超80%，详看神车参数,Other
港股恒指涨0.4%，舜宇光学暴跌10%,Contrast
碧桂园跌逾3%，暂领跌蓝筹,Parataxis
协合新能源5月4日回购58万股，耗资17万港币,Causality
达利食品明日放榜，现升逾3%,Contrast
港股恒指涨幅扩大至1%，恒大涨5%,Phenomenon-Instance
神州租车裂口开高近8%，破10天线,Supplement
港股短期继续偏弱，易跌难升,Parataxis
工商银行跌近3%，创1个月新低,Supplement
信义光能急升近半成，惟中期少赚超过21.5%,Contrast
恒安国际跌近4%，跌穿50天线,Degree
华营建筑累跌33%，现反弹近34%,Contrast
中国稀土终止五连跌，现逆市反弹逾13%,Contrast
日清食品股价会在未来30天内上升，予增持评级,Inference
港股跌幅收窄至130点，重上23000点,Supplement
首控集团飙逾18%，中期亏损有所收窄,Parataxis
影视娱乐股涨幅扩大，阿里影业涨6%,Phenomenon-Instance
恒指跌0.37%，碧桂园跌超4%,Phenomenon-Instance
中升控股抽高近5%，中金上调目标价12%,Causality
康希诺飙升8%，旗下新冠疫苗接种28天后具免疫原性,Parataxis
中芯、盛美、石药“回归”，科创板红筹涌动,Causality
控股股东近110亿转让全部股权，中环股份或告别国企背景,Phenomenon-Instance
锦欣生殖逆市升近3%，北水续大手净买入评级,Other
丁磊持股网易45.1%，身家205亿美元跻身内地第七大富豪,Parataxis
中芯国际跌近4%，遭北水大手净沽出,Causality
百度第四季度营收236亿元，同比增1%,Supplement
康宁医院半年多赚24%，惟毛利减少,Contrast
慧聪集团升逾23%，创1个月新高,Supplement
锦欣生殖获纳入港股通，现急升近7%,Causality
野村上调日清食品目标价至7.9元，重申买入评级,Parataxis
中烟香港现跌逾3%，中期少赚近三成,Parataxis
港铁公司升近1%，涉资1.01亿港元,Supplement
大摩上调药明康德目标价至88.6港元，维持增持评级,Parataxis
小牛电动Q2业绩低于预期，拟做副牌产品促市场下沉,Inference
友邦午后跌幅扩大至逾2%，拖累恒指逾60点,Causality
教育股续有追捧，思考乐抽升半成,Phenomenon-Instance
第二届进博会主宾国进口贸易指数发布，同比上升1.01%,Supplement
港股恒指微跌0.01%，港交所、中移动均暴涨3%,Contrast
碧桂园升逾3%，昨日回购1800万股,Parataxis
新三板创新层一次性调入502家，超7成符合精选层财务条件,Supplement
万科企业升逾5%，创1个月新高,Supplement
美团点评涨幅扩大至10%，市值超8000亿港元,Parataxis
如涵暴涨47.37%，58同城跌近7%,Contrast
天能动力目标价下调至8元，维持大盘评级,Parataxis
港股料继续拉锯，友邦绩佳惟关注前景,Other
港交所升逾5%，主动买盘64%,Parataxis
永升生活服务拟先旧后新配售1.34亿股，净筹15.64亿港元,Inference
收租股受压，领展跌逾1%,Phenomenon-Instance
鸿宝资源一度暴涨逾100%，现涨幅收窄至34%,Parataxis
中生制药绩后续获唱好，再升近6%,Parataxis
新高教维持买入评级，给予目标价6港元,Parataxis
中粮肉食升近10%，报2.34港元,Supplement
华米第四季度净利润为1330万美元，同比增长50.8%,Supplement
港股恒指大跌5.56%，创近5年最大跌幅,Supplement
港股周内料继续反弹，下周或再受压向下,Inference
信达生物新药研究取得成果，拟短期申请注册,Inference
安踏体育上涨3%，其上半年销售达标,Parataxis
海底捞2股东减持，张勇抛退休计划,Parataxis
李宁大涨4%，创近9年高,Supplement
比亚迪三季度业绩不及预期，A股跌近6%,Causality
港股恒指低开0.55%，恒大健康涨12%,Phenomenon-Instance
万洲国际暂四连升，累涨近13%,Degree
阿里巴巴第三财季净利润为43.34亿美元，同比增长10%,Supplement
友邦目标价降3.4%，维持跑赢大市评级,Parataxis
恒指午后跌幅扩大至1.04%，长江基建集团跌超4%,Phenomenon-Instance
物管股低位有承接，保利物业飙升5%,Causality
物管股现沽压，雅生活下跌2%,Phenomenon-Instance
格力地产重组，拟收购免税集团100%股权,Inference
寺库网第四季度营收17.926亿元，同比增长27%,Supplement
雅生活服务跌逾半成，惟今早录得一手10亿元交叉盘,Contrast
瑞信唱好中资券商股，中金公司上扬4%,Causality
A股急涨，中信证券扬约5%,Phenomenon-Instance
恒生银行急跌，跌幅逾3%,Degree
汇控飙升2%，重上10天及20天线,Supplement
百利大5月11日回购3万股，耗资0.525万港币,Causality
个别仙股现热炒，中能国际上涨50%,Phenomenon-Instance
稀土概念股集体走高，五矿稀土涨7%,Phenomenon-Instance
舜宇光学续升近3%，瑞声科技上升2.22%,Other
蒙牛乳业领涨蓝筹，上升3%,Degree
福森药业5月28日回购39万股，耗资131万港币,Causality
小米年内大跌36%，市值已经不足2000亿,Parataxis
东亚银行澄清未出售香港银行业务，股价小幅跳水涨14%,Causality
亚洲木薯资源2964万元出售货船，料实现收益9万元,Inference
南方能源连升2日，升幅扩至23.45% ,Degree
金山软件跌幅扩大至8%，第一季度营收不及市场预期,Parataxis
信德集团急涨逾20%，澳博控股上升7%,Other
此前重挫股集体走高，莎莎国际暴涨17%,Phenomenon-Instance
快递员被公司要求去道歉，街头追砍客户,Other
瑞声科技一度倒升至50元关口，现涨近3%,Parataxis
恒大涨5%，此前斥资1.92亿港元回购股份,Parataxis
阿里巴巴给予买入评级，目标价维持260港元,Parataxis
美国新屋销售骤降，表明楼市更加疲弱,Other
新城发展上涨4%，惟传新城控股有意出售逾40个项目,Contrast
中芯国际第四季度净利润为4771万美元，同比下滑54%,Supplement
港股跟随外围调整，跌至27000点边缘,Parataxis
高鑫零售三连升，现获利回吐,Contrast
金蝶国际升逾3%，创上市新高,Supplement
汇丰一周两位高层离任，大中华区行政总裁将不再补缺,Inference
华晨中国中期纯利减少近10%，遭野村降目标价13%,Causality
港交所升近3%，创1个月新高,Supplement
申港控股大股东持股75%，业绩大幅下滑,Causality
凑凑经营利润大增200%，呷哺净利却跌22%,Contrast
海纳智能今招股，每股招股价介乎1.08至1.5元,Supplement
中央拟提振家电消费，海尔电器上涨3%,Phenomenon-Instance
迅雷第四季度总营收4230万美元，环比下滑6.6%,Supplement
中国平安升近3%，报79.25港元,Supplement
中国金茂涨逾2%，上月签约销售金额按月升超过46%,Parataxis
中国水务扬逾7%，破10天及50天线,Supplement
九毛九飙升12%，破顶,Supplement
港股恒指高开0.4%，中兴通讯大涨6%,Phenomenon-Instance
港股汽车板块走低，广汽集团跌近4%,Phenomenon-Instance
港股恒指跌0.36%，腾讯自高点跌20%,Phenomenon-Instance
微创医疗升逾3%，创上市新高,Supplement
腾讯推出“数字方舟”计划，将涉六大领域数字化转型,Inference
受贸易战拖累，美制造业10年来首次收缩,Causality
携程第二季度实现营收87亿元，同比增长19%,Supplement
小摩维持中国移动增持评级，目标价为73港元,Parataxis
牛熊证上演“悲喜剧”，数百只熊证遭收回,Causality
石药集团暂七连升，累涨33%,Degree
里昂下调睿见教育目标价至4港元，维持买入评级,Causality
天能动力回应沽空报告十大质疑，复牌后股价一度涨超20%,Causality
神州租车未来每月偿还债务2亿左右，仍然有偿付能力,Contrast
香港建设(控股)5月11日回购0.2万股，耗资1万港币,Causality
环能国际上升78%，创1个月新高,Supplement
雅迪控股升逾2%，创上市新高,Supplement
人民币中间价报7.0939，下调71点,Supplement
北京汽车跌逾3%，中期纯利跌近26%,Parataxis
管道工程升近19%，创1个月新高,Supplement
京东盘前大涨5.33%，净收入同比增长29%,Parataxis
首都金融控股午后遭遇洗仓，股价暴跌40%,Causality
体品股普遍抽高，李宁上扬5%,Phenomenon-Instance
高鑫零售飙升近9%，获大摩花旗升目标价,Causality
腾讯第三季度实现净利润197.1亿元人民币，同比增长15%,Supplement
南下资金两日流入71亿，内资成港股上涨急先锋,Other
丘钛科技目标价达14.1港元，维持跑赢大市评级,Parataxis
国泰航空急跌近7%，高盛指国际航运复苏缓慢,Causality
中国移动升逾3%，报57.7港元,Supplement
中芯国际开市弹逾4%，首季纯利按年升4.23倍,Parataxis
小米二季度境外市场收入达219亿元，同比增长33.1%,Supplement
汇丰控股现涨近2%，暂四连扬,Parataxis
港燃憧憬被收购，成事机会估计不大,Inference
中汇集团上涨，暂七连扬,Parataxis
中国中铁挫逾2%，失守10天线,Supplement
中国星集团5月27日回购107万股，耗资187万港币,Causality
四海国际跌逾10%，主动卖盘65%,Parataxis
恒指跌幅收窄至1%，内地医药股、华为概念股跌幅居前,Phenomenon-Instance
嘉里建设急跌逾4%，遭摩通高盛花旗沽货,Causality
港股恒指大涨0.99%，消费股、科技股走高,Phenomenon-Instance
敏华控股抽升逾7%，创近两年高位,Supplement
食品股随市走低，旺旺软逾1%,Phenomenon-Instance
中交建创三年半新低，现在反弹近3%,Contrast
港股可望反弹，手机设备股不宜高追,Other
维达国际跌逾3%，惟上季经营溢利大增近两倍,Contrast
"美团股价""亏""出新高，暴涨逾10%",Causality
拼多多第三季度净亏损6.19亿元，同比扩大184%,Supplement
中生制药现跌逾3%，失守20天线,Supplement
万洲国际目标价为10.5港元，重申跑赢大市评级,Parataxis
绿城服务升逾4%，创上市新高,Supplement
国家会展中心开工，将成为北方展览面积最大的会展中心,Inference
蔚来5月交付车辆1089辆，累计交付超1.7万台,Supplement
腾讯开涨近2%，周三公布季绩市场,Parataxis
趣头条股价开盘后暴跌，跌幅达17.46%,Degree
泰格拟赴港募资约10亿美元，CRO企业在A+H市场备受欢迎,Parataxis
绿城服务跌逾4%，折让逾7%配股,Parataxis
美团暴涨6%，市值逼近万亿港元,Parataxis
奥马电器危机延续，实控人3094万股股份将被司法拍卖,Inference
维达国际升逾6%，创上市新高,Supplement
中国环保科技拟引入潜在投资者，股价暴涨279%,Causality
中国铁塔创逾2个月新低，暂表现最差国指股,Parataxis
创业集团下跌35%，暂成最差个股,Parataxis
五菱汽车电话被打爆，公司股价大涨30%,Parataxis
广汽集团走低4%，第三季绩差遭中金降目标价,Causality
瑞声现跌近2%，创约四年新低,Supplement
HMVOD视频突下跌40%，跌穿10天及250天线,Degree
海信家电升逾10%，创1个月新高,Supplement
建行微涨，招行倒跌3%,Contrast
康宁杰瑞跌逾3%，遭股东减持1450万股,Causality
堡狮龙升逾19%，主动买盘63%,Parataxis
江南布衣目标价下调至16.5港元，维持买入评级,Parataxis
长实曾创月低，午后倒升逾1%,Contrast
港交所跌逾2%，获大摩续吁增持评级,Contrast
建设银行跌近3%，报6.09港元,Supplement
金风科技涨逾半成，获摩通上调目标价及评级,Causality
优信股价大涨16%，转跌超15%,Contrast
港股三大指数翻红，恒指涨0.33%,Phenomenon-Instance
瑞声科技获资金流入，沽空率骤降,Causality
科通芯城5月7日回购49万股，耗资39万港币,Causality
网易云音乐总用户数已突破8亿，同比增长50%,Supplement
红黄蓝教育三季度净收入达3530万美元，同比降5.7%,Supplement
瑞声科技急升，逾近5%,Degree
伟易达目标降至57港元，降至跑输大市评级,Parataxis
石药集团暂三连升，累涨17%,Degree
金沙中国升逾3%，主动买盘76%,Parataxis
农夫山泉经销模式遭诟病，能否终结恐怖螺旋,Inference
中国飞鹤跌逾6%，失守10天及20天线,Supplement
利丰急升逾7%，暂连扬四天,Parataxis
中国神华获高盛吁买入，现涨近3%,Causality
简普科技第四季度净亏损470万美元，同比减亏28.2%,Supplement
新城发展控股目标价升至10港元，维持增持评级,Parataxis
乐居第四季度净利润达540万美元，同比扭亏,Supplement
九龙仓置业下跌，暂为最差蓝筹,Parataxis
新奥能源下跌近6%，领跌国指股,Parataxis
友邦保险具良好资产管理组合，重申买入评级,Parataxis
凌锐控股跌逾13%，创上市新低,Supplement
百利大5月20日回购3万股，耗资0.45万港币,Causality
海通证券上升逾2%，暂3连升,Parataxis
港股现升265点，报26933点,Supplement
歌礼制药跌近8%，上半年盈转亏近5千万,Parataxis
国际油价急升，油服股全面向上,Causality
影视娱乐股涨幅扩大，猫眼娱乐涨8%,Phenomenon-Instance
港股报26544点，主板成交逼近千亿元,Parataxis
恒腾网络升近24%，创1个月新高,Parataxis
新华保险目标价为43.5港元，维持跑赢大市评级,Parataxis
北向资金净流入26.48亿元，格力电器净买入8.20亿元,Phenomenon-Instance
结好金融跌逾16%，创上市新低,Supplement
佳兆业集团突有资金追捧，弹近8%,Causality
餐饮股大跌，海底捞跌5%,Phenomenon-Instance
涨价才是硬道理，有色板块有望补涨,Inference
汇丰下调中集安瑞科目标价至5.2港元，给予买入评级,Parataxis
濠赌股普遍下跌，金沙中国现跌逾1%,Phenomenon-Instance
承兴国际累跌87.47%，现仅反弹近7%,Contrast
港股恒指高开0.4%，汽车股爆发,Phenomenon-Instance
中升控股微升近1%，创上市新高,Supplement
北向资金净流出1.84亿元，沪股通净流入8.22亿,Phenomenon-Instance
影视股全线失守，阿里影业跌近4%,Phenomenon-Instance
中集集团涨逾6%，获中信保诚人寿增持,Causality
申基国际现上升35%，惟接管人出售逾6成股权,Contrast
兖州煤业逆市飙升15%，中期纯利升26%,Parataxis
宝尊电商第一季度营收12.87亿元，同比增长39.7%,Supplement
广汽暂三连跌，累跌11%,Degree
瑞声暂四连跌，累跌11.4%,Degree
友邦升逾5%，报70.65港元,Supplement
映客5月27日回购20万股，耗资22万港币,Causality
美年健康引入战投，阿里方面拟成二股东,Inference
中芯国际大涨4%，两日市值增130亿,Parataxis
中国智能健康6月2日回购150万股，耗资4万港币,Causality
蓝筹地产股上涨，恒基地产涨4%,Phenomenon-Instance
香港本地股集体暴跌，周大福跌5%,Phenomenon-Instance
移卡或融资3亿美元，腾讯持股近4%,Inference
美联集团急跌9%，创超过10年新低,Supplement
中联通跌近3%，首三季多赚12%,Contrast
微贷网第二季度营收9.067亿元，同比下滑4.4%,Supplement
北京试点员工制家政服务，开展劳务对接活动,Other
康希诺生物曾破顶，现飙逾4%,Parataxis
港股恒指高开0.6%，SOHO中国反弹3%,Phenomenon-Instance
内房股集体下跌，华润置地、碧桂园均跌超3%,Phenomenon-Instance
港股恒指低开0.89%，友邦保险跌4%,Phenomenon-Instance
鹰君下跌3%，见逾三年低位,Supplement
石药集团维持跑赢行业评级，目标价升至24港元,Parataxis
滔搏续升逾3%，绩后获多间大行调高目标价,Causality
荣盛发展子公司拟登陆港交所，一季度净利超5000万,Inference
中海油服目标价升至12.71港元，维持买入评级,Parataxis
A股两级分化，百元股扩容至74只,Other
京东第二季度净利润达36亿元，同比增长644%,Supplement
美瑞健康急升13.21%，工业大麻概念股受捧,Phenomenon-Instance
碧桂园涨近2%，破10天线,Supplement
雄岸科技飙逾21%，拟组合营拓工业大麻,Inference
希望教育现升近3%，创近九个月新高,Supplement
东风集团弹逾3%，上月销量按年增8.3%,Parataxis
港股反弹，港交所难有憧憬,Inference
心动公司升近10%，主动买盘66%,Parataxis
美国8月份核心CPI达到一年高位，9月通胀或进一步上升,Inference
康希诺生物上涨11%，并连升11日,Parataxis
兖州煤业5月12日回购885万股，耗资5322万港币,Causality
内地猪肉股普遍下跌，万洲国际跌近1%,Phenomenon-Instance
浦发下半年或收缩房贷业务，拟新发500亿永续债,Inference
京东计划认购国美零售1亿美元可转债，谈判进最后阶段,Other
汇丰重申对独立发电厂正面看法，首选华润电力,Parataxis
天福10月9日耗资34.2万港元，回购6万股,Causality
永利澳门倒升近1%，首季盈转亏损1.54亿美元,Contrast
前4月恒大销售2126亿登顶，龙头房企竞争加剧,Causality
体育用品股集体走高，滔博涨7%,Phenomenon-Instance
中移动明日除净，现升近2%,Parataxis
中国生物制药现跌逾2%，惟多间大行乘机入货,Contrast
移卡今招股，每股招股价为12.64至16.64元,Supplement
天福5月18日回购1万股，耗资8万港币,Causality
7月我国外汇储备3.1037万亿美元，环比降155亿美元,Supplement
康希诺连日下跌3%，暂为五连跌,Parataxis
中远海能连跌五日，现逆市反弹逾4%,Contrast
中国艺术金融洗仓下跌63%，现反弹35%,Contrast
51Talk第一财季净营收为2.6亿，同比增长64.6%,Supplement
地产收租股反弹，嘉里建设三连跌后今回升近11%,Phenomenon-Instance
中芯国际科创板上市申请获受理，拟募集资金200亿元,Inference
香港PMI升至43.9，为4个月高位,Supplement
美团点评第一季度酒旅业务收入为45亿元，同比增长43.2%,Supplement
垃圾分类加速，推动固废产业协同发展,Causality
油价亚洲时段急升，阳光油砂涨逾35%,Phenomenon-Instance
CEO突辞职，美国股东发起调查,Other
美图公司跌逾4%，再创历史新低,Supplement
舜宇光学暂涨近2%，8月镜头出货量增近47%,Parataxis
搜房网第三季度净利润达70万美元，同比下滑92.8%,Supplement
内银内险纷报季绩，期指结算日料波动,Inference
巨星医疗控股5月4日回购19万股，耗资23万港币,Causality
腾讯两个月市值暴增万亿港元，马化腾稳居首富,Causality
浙系房企德信中国激进拿地，经营现金流连续两年为负,Parataxis
北向资金净流入26.48亿元，沪股通净流入10.72亿,Phenomenon-Instance
光大银行业绩符合预期，维持买入评级,Parataxis
港股恒指涨0.05%，医药、游戏股走高,Phenomenon-Instance
民银资本5月4日回购67万股，耗资7万港币,Causality
南方资源再涨27.67%，六连涨,Parataxis
大和预计净利润增长52%，雅生活服务给予买入评级,Causality
顺丰加入外卖送餐业务，美团点评逆市跌逾3%,Causality
科通芯城5月20日回购82万股，耗资66万港币,Causality
优信第二季度营收为4.39亿元，同比增长58.3%,Supplement
港股短期有望突破转势，或上试26700点水平,Inference
朗廷酒店跌近8%，料不派中期息,Inference
莹岚集团跌近16%，创上市新低,Supplement
康龙化成跌超7%，股东WishBloom拟减持1493.41万股,Inference
中粮包装6月1日回购2万股，耗资5万港币,Causality
汽车股普遍回落，吉利汽车跌逾2%,Phenomenon-Instance
李小加任下的港交所改革大刀阔斧，成就全球最热门上市地,Parataxis
艾格拉斯股东巨龙控股违规减持，浙江证监局出警示函,Causality
搜狐2020年Q1营收4.36亿美元，同比增6%,Supplement
招商国际维持敏实集团买入评级，目标价为34.1港元,Parataxis
中电控股涨逾2%，绩后获花旗升至买入评级,Causality
富途第一季度净利润为4930万港元，同比增长2.5%,Supplement
南方航空上涨2%，创近一个半月高位,Supplement
港股今日仅弱势反弹，于26370点有阻力,Other
氢能源板块集体拉升，美锦能源涨停,Phenomenon-Instance
建行跌逾1%，失守10天及20天线,Supplement
郭台铭宣布不参与台湾地区领导人选举，富智康大跌20%,Causality
金价触近2周低位，山东黄金现跌3%,Phenomenon-Instance
手机设备股持续攀升，舜宇光学涨近2%,Phenomenon-Instance
天福5月4日回购2万股，耗资13万港币,Causality
麦格理申洲国际目标价为100.5港元，维持跑赢大市评级,Parataxis
梁渊料港股有望延续向好，可留意蓝筹股,Inference
中国中车涨逾2%，获汇证升评级至买入,Causality
恒指期货不足半小时成交破3万张，远超昨日一天成交量,Supplement
沪指上涨1%，央行行长回应市场热点,Other
东阳光药飙近6%，本月累涨两成八,Degree
美东汽车升近4%，破顶,Supplement
联康生物科技集团5月11日回购144万股，耗资22万港币,Causality
中信股份升逾3%，暂连升2日,Parataxis
ASM太平洋涨逾4%，收复20天及100天线,Supplement
复宏汉霖创上市新低，现逆市反弹近2%,Contrast
地产股下跌，信和置业现跌近2%,Phenomenon-Instance
《意见》提出或取消汽车限购，广汇宝信大涨11%,Causality
协合新能源6月3日回购310万股，耗资92万港币,Causality
赌王病逝，奚梦瑶发声惨被骂,Other
网易、京东确定在港二次上市日期，共计可筹资50亿美元,Parataxis
易易壹复牌抽高逾3%，获邓清河溢价逾44%,Causality
中国圣牧飙升35%，料上半年多赚至少1.3亿人民币,Inference
维亚生物10月31日回购38.9万股，涉资181.10万港元,Supplement
瑞信唱好中资券商股，中信建投上涨3%,Causality
乳业股普遍回吐，国际跌近2%,Phenomenon-Instance
维他奶跌近4%，暂四连跌,Parataxis
中国电信前三季度净利润为183.89亿元，同比下滑3.39%,Supplement
金山软件跌逾半成，遭两大行沽售,Causality
煤炭股逆市受捧，中国神华涨逾2%,Phenomenon-Instance
移卡香港发售超购约640.38倍，预计6月1日上市,Inference
剑南春10月起实施控量，或意在追随“茅五”涨价,Inference
途牛第二财季营收5.25亿元，同比增长14.2%,Supplement
佳兆业美好收购恒源物业51%股权，拓展长三角业务,Parataxis
新地郭炳联提优化跨境汇款及按揭，便利港人北上置业,Other
ASM太平洋下跌7%，首三季盈利下跌80%,Parataxis
创科实业创上市新高，摩通曾减持近36万股,Parataxis
恒指涨近1%，华电福新暴涨60%,Phenomenon-Instance
小米集团升近1%，花旗将其目标价上调24%,Causality
恒指现射击之星，支持位看24250点,Parataxis
云南建投混凝土低开20.83%，破发,Supplement
丁磊赴港二次上市，把网易带回中国,Parataxis
中汇集团再破顶，暂七连扬,Parataxis
中国联塑升逾10%，主动买盘62%,Parataxis
中原银行遭10人团伙套走千万贷款，此前曾遭多次骗贷,Parataxis
中欧远见防守失败，逆市加仓,Contrast
51信用卡2018年营收28.12亿元，同比增长24%,Supplement
微创医疗升近11%，创上市新高,Supplement
云集第二季度净亏损3920万元，同比转亏,Supplement
国美零售飙近8%，创52周新高,Supplement
中芯国际再弹逾1%，创近16年高位,Supplement
触宝第三季度净营收3680万美元，同比增长300%,Supplement
交银国际看好永达汽车，给予中升控股买入评级,Causality
耐世特急跌逾7%，失守10天及20天线,Supplement
TCL电子涨近7%，中期多赚逾倍,Parataxis
九毛九上市4个月暴涨80%，现宣布开启关店模式！,Contrast
山东黄金逆市跌逾4%，跌穿10天线,Supplement
A股反复向下拖累内险股，中国人寿跌逾2%,Phenomenon-Instance
瑞声上周累升18.7%，现续扬逾2%,Parataxis
敏实集团升近10%，创1个月新高,Parataxis
中国星集团5月22日回购479万股，耗资838万港币,Causality
瑞声科技逆市续升，逾近3%,Degree
内房股普遍上涨，惟华润置地跌逾1%,Contrast
民生教育大跌逾7%，折价约8.3%配股,Parataxis
创科实业逆市反弹近2%，更新5亿美元中期票据计划,Parataxis
瑞声科技拉升涨近7%，今日将公布业绩,Inference
港股现报26985点，下跌173点,Parataxis
中烟香港累跌24%，现反弹近7%,Contrast
山东黄金逆市跌逾4%，中期溢利升近一成,Parataxis
煤炭股逆市而上，南方能源急升近26%,Phenomenon-Instance
银涛控股升近88%，创1个月新高,Supplement
港股报26683点，成交752亿元,Parataxis
同程艺龙升至买入评级，上调目标价至15.3港元,Parataxis
美团点评六连升，累涨13.8%,Degree
如涵2020财年第一季度净收入3.13亿元，同比增长34.3%,Supplement
腾讯一夫当关，料空头今日不敢造反,Inference
李宁上扬近2%，创9年新高,Supplement
恒大拟发40亿公司债，融创再度减持金科股份至5%以下,Inference
染料概念走强，化工行业将现蝴蝶效应,Inference
内银股受压，建设银行跌近2%,Phenomenon-Instance
网易第四季度净利润人民币为23.6亿元，同比增长25.58%,Supplement
港股午后变动不大，现报25657点,Parataxis
金沙中国跌近5%，创1个月新低,Supplement
保利协鑫下跌，跌穿10天及20天线,Degree
宝宝树集团10月9日耗资13.3万港元，回购6.05万股,Causality
中国宏桥现跌逾5%，今年铝产出目标下调约5%,Causality
首都金融跌近41%，创1个月新高,Supplement
神州数字升逾44%，主动买盘100%,Parataxis
康希诺涨近7%，创新高,Supplement
中交建现跌3%，见三年半新低,Supplement
太阳城集团暂四连升，涨30%,Degree
港股恒指涨0.5%，内险股、医药股集体大涨,Phenomenon-Instance
蒙牛乳业上升3%，花旗料首季复苏胜预期,Inference
卓信国际逆市涨逾25%，惟料季度盈转亏,Contrast
新地跌近3%，报90.2港元,Supplement
绿城服务公司拟折让7%，配售筹资27亿港元,Inference
中粮包装5月29日回购140万股，耗资408万港币,Causality
康希诺生物上涨6%，旗下腺病毒载体疫苗临床试验获批,Causality
港股反弹进入尾声，向上水位有限,Parataxis
港股恒指涨0.1%，内房股走好,Phenomenon-Instance
美股期货急挫，腾讯及建行跌约2%,Phenomenon-Instance
港股恒指跌0.73%，石油股大跌,Phenomenon-Instance
中国恒大5月22日回购802万股，耗资12446万港币,Causality
中粮包装5月28日回购13万股，耗资38万港币,Causality
巨星医疗控股5月29日回购10万股，耗资11万港币,Causality
港股或将转跌，预料周内逐渐向下跌穿25000点,Inference
李源祥执掌帅，印闯新关,Parataxis
港华燃气续涨逾3%，四日累升近19%,Degree
富途第二季度净利润为760万美元，同比增长122%,Supplement
中粮肉食走低逾6%，暂连跌三日,Parataxis
港股微涨0.08%，月跌7.4%,Parataxis
香港金融股跌幅居前，中银香港跌近5%,Phenomenon-Instance
敏华控股抽升近7%，绩后获大和升目标价,Causality
可口可乐与蒙牛合资，新公司将在中国生产低温奶制品,Inference
金山云ADR今始买卖，惟金山软件创三个月新高后跌逾2%,Contrast
耐世特升逾9%，暂连升2日,Parataxis
康臣药业5月7日回购48万股，耗资193万港币,Causality
春立医疗走高近6%，暂五连升,Parataxis
体育用品股集体上涨，李宁涨3%,Phenomenon-Instance
维他奶再急跌4%，累挫逾10%,Degree
大和上调广汽集团目标价至9.2港元，给予买入评级,Parataxis
天福6月2日回购0.5万股，耗资2万港币,Causality
云米第二季度净利润为9930万元，同比增长113.7%,Supplement
港股弱势未见改善，弃港股吸A股成新常态,Other
诺辉健康拟赴港上市，软银中国、联想系君联资本参投,Inference
港股恒指跌1.78%，石油股、内房股集体下挫,Phenomenon-Instance
如涵2019财年第四季度营收2.373亿元，同比增长21%,Supplement
云计算概念股盘中拉升，万达信息涨停,Phenomenon-Instance
香港收租股下跌，太古地产下跌2%,Phenomenon-Instance
港股现升逾300点，逼近25900点,Parataxis
中国旺旺跌近5%，创1个月新低,Supplement
深蓝科技控股升逾17%，创上市新高,Supplement
远东发展5月7日回购11万股，耗资30万港币,Causality
泰山石化现跌28%，建议四合一,Parataxis
海信启动混改引入战投，会和格力一样成为香饽饽吗？,Parataxis
手机设备股表现偏软，舜宇光学低开近5%,Phenomenon-Instance
呷哺呷哺工商变更，贺光启持股41.64%,Parataxis
蚬壳电业今挂牌，暗盘跌逾17%,Parataxis
蒙牛乳业上升1%，授出奖励计划限制性股票820万股,Causality
富时罗素提升A股纳入因子至3倍，千亿增量资金奔向A股,Other
福森药业5月20日回购111万股，耗资383万港币,Causality
中兴通讯A股涨停，工信部促加快产业发展,Causality
小米消金获批开业，原常熟农商行副行长周斌出任总裁,Parataxis
美团点评高开逾2%，首季亏损仍好过预期,Contrast
思捷环球上涨6%，全年亏损收窄至逾21亿元,Parataxis
别再死盯着iPhone了，苹果Q4或许还有其它亮点,Inference
春立医疗上涨8%，两日暂累升逾13%,Degree
华润医疗升近11%，报4.09港元,Supplement
手机设备股个别发展，富智康下跌2%,Phenomenon-Instance
恒指大涨1.35%，香港本地股集体上涨,Phenomenon-Instance
中兴通讯涨逾4%，昨日北水近亿元流入,Causality
希慎兴业跌近10%，创1个月新低,Supplement
内房股集体飙升，建业地产涨6.86%,Phenomenon-Instance
郭台铭概念股上涨，富智康涨20%,Phenomenon-Instance
港股恒指翻红涨0.31%，中国人寿涨3.64%,Phenomenon-Instance
新加坡首富套现海底捞15.6亿，却让中国兜底,Contrast
中国星集团5月7日回购200万股，耗资350万港币,Causality
稀土股又迎涨势，北方稀土创两个月新高,Phenomenon-Instance
网龙逆市涨逾3%，料中期溢利大幅增加,Inference
广汽集团上调至增持评级，给予目标价9港元,Parataxis
中国联通扬近3%，惟遭瑞银摩通巴克莱高盛大手沽货,Contrast
翰森制药升近3%，创上市新高,Supplement
5万起家，没到5年却被讨薪,Contrast
21世纪教育5月19日回购138万股，耗资89万港币,Causality
精熙国际5月28日回购19万股，耗资11万港币,Causality
汽车股普遍回落，长汽走低超过3%,Phenomenon-Instance
慕容控股升逾89%，创1个月新高,Supplement
吉利汽车涨近8%，领涨蓝筹,Parataxis
国泰航空续跌逾3%，此前遭瑞信唱淡复苏前景,Causality
建业新生活升逾19%，创上市新高,Supplement
重磅股发力，港股午后升幅扩大至435点,Phenomenon-Instance
中芯国际回吐4%，瑞信下调至跑输大市评级,Causality
2000亿负债集中到期，富力面临债务大考,Other
港交所多重利好来袭，股价大涨逾4%,Causality
龙光地产升近10%，创1个月新高,Supplement
内地公布光伏补贴名单，保利协鑫上涨9%,Causality
堡狮龙升近39%，创52周新高,Supplement
中国恒大5月4日回购810万股，耗资10587万港币,Causality
鼎丰集团升近5%，折让9.5%,Parataxis
威高股份逆市上涨4%，获大摩上升52%目标,Causality
金沙中国跌近5%，报29.15港元,Supplement
世茂房地产涨逾5%，获摩通给予增持评级及升目标价,Causality
港股仍处反复上落格局，料23500点有支持,Inference
金山软件飙升7%，北水透过沪深港通大手买入,Other
流利说第三季度净营收为1.805亿元，同比增长265%,Supplement
非凡中国股价跌幅扩大至逾3%，首季纯利按年跌近97%,Parataxis
汇控飙升2%，收复58元关口,Supplement
上调深圳国际目标价至17.7港元，维持买入评级,Parataxis
粤丰环保创逾两年半低，现反弹近半成,Contrast
三桶油走低，中海油下跌3%,Phenomenon-Instance
CoCo奶茶门店现霉变柠檬，喜茶里有苍蝇,Other
富智康今早下跌最多半成，现反弹逾3%,Contrast
品钛上半年净利润达1.032亿元，同比增长218%,Supplement
爱得威建设集团升近21%，主动买盘61%,Parataxis
碧桂园上升逾3%，回购1800万股,Parataxis
趣店第四季度营收18.03亿元，同比上涨20.9%,Supplement
港铁跌幅收窄至逾1%，失守10天线及20天线,Supplement
香港地产股回升，恒隆地产升逾1%,Phenomenon-Instance
恒指跌0.04%，南方能源获调入港股通,Contrast
香港零售股集体反弹，周大福涨近9%,Phenomenon-Instance
舜宇光学跌逾10%，野村下调其至中性评级,Causality
招商局港口上涨2%，半年多赚65亿,Parataxis
市场恐慌抛售，再跌20%,Causality
敏华控股升逾10%，创52周新高,Supplement
希玛眼科升逾6%，主动买盘74%,Parataxis
金蝶国际目标价升至15.57港元，重申买入评级,Parataxis
恒基地产升逾5%，主动买盘66%,Supplement
迈博药业升近55%，创上市新高,Supplement
凌锐控股急升32.43%，创上市新高,Supplement
新华保险跌逾4%，野村瑞信绩后降目标价,Causality
医疗制药股齐跌，石药集团急跌逾11%,Phenomenon-Instance
港股轻微低开80点，国指下跌36点,Phenomenon-Instance
紫金矿业上季多赚4成，跟随金价,Parataxis
中国环保科技急升250%，暂为最大升幅个股,Parataxis
燃气股急升，新奥能源飙约10%,Phenomenon-Instance
第七大道扬近5%，连续三日创上市新高,Parataxis
21世纪教育上半年收入过亿，将通过并购加码职业教育,Inference
手游股普遍造好，心动公司涨逾5%,Phenomenon-Instance
携程第二季度营收达87亿元，同比增长19%,Supplement
中核国际去年转亏损2.19亿元，不派息,Parataxis
澳洲成峰高教5月21日回购25万股，耗资6万港币,Causality
百威亚连跌两日，累跌逾4%,Degree
猎豹移动第三季度净利润为1.933亿元，同比增长20%,Supplement
蒙牛沽空率飙升至31%，沽空股数升至1000万股,Supplement
永嘉集团急跌13%，料上半年盈利减6成,Inference
中粮肉食急涨，破10天及100天线,Degree
恒指涨0.33%，内银股集体上涨,Phenomenon-Instance
高富集团升近38%，创1个月新高,Supplement
澳洲成峰高教5月20日回购37万股，耗资9万港币,Causality
香港证券业协会料港券商经营困难，但不会岀现倒闭潮,Contrast
第一拖拉机增发A股获母公司国机集团批准，H股升逾8%,Causality
B类股集体大跌，康希诺跌20%,Phenomenon-Instance
舜宇光学上涨逾1%，连扬三日,Parataxis
恒指跌幅收窄至0.57%，香港本地地产股集体走高,Phenomenon-Instance
中资教育股普遍向上，新高教飙升9%,Phenomenon-Instance
猪肉股逆市向下，万洲国际现跌1%,Phenomenon-Instance
香港经济股反弹，新地扬逾3%,Phenomenon-Instance
阅文跌15%，遭中金下调评级,Causality
中电光谷升近30%，主动买盘76%,Parataxis
ATMX全线回吐，腾讯及阿里巴巴跌约2%,Phenomenon-Instance
中海油现跌3%，暂领跌蓝筹,Parataxis
旷视中止港股上市计划，在回A与赴港之间摇摆,Parataxis
小摩上调美团点评目标价至165港元，维持增持评级,Parataxis
汇丰控股现涨近2%，累升4%,Degree
恩达集团复牌涨逾21%，拟出售深圳坪山区两幅地皮,Inference
新城控股前三季实现净利润37.31亿，同比增长19.57%,Supplement
雅生活服务升逾2%，创上市新高,Supplement
海信家电升逾20%，创1个月新高,Supplement
腾讯大涨2%，市值突破4万亿,Parataxis
卓信国际升近45%，主动买盘99%,Parataxis
部分汽车股反弹，广汽集团上扬3%,Phenomenon-Instance
濠赌股集体上涨，信德集团涨13%,Phenomenon-Instance
春立医疗急升逾9%，中期多赚逾倍,Parataxis
南航回升逾3%，油价三连跌,Other
油价高走，三桶油急升,Phenomenon-Instance
联想集团大跌逾3%，花旗大砍目标价至5.7港元,Parataxis
港股恒指高开0.53%，药明生物配股低开2.69%,Contrast
港股ADR指数力守27000点，港交所ADR收跌,Parataxis
内地火币网拟借壳桐城控股上市，股价现急升,Causality
北汽拟收购神州租车21%股份，陆正耀或将全面退出,Inference
腾讯反弹逾2%，多间大行追货,Causality
中国星集团5月12日回购188万股，耗资329万港币,Causality
友邦保险升逾3%，主动买盘58%,Parataxis
小米Q1财报营收环比降12%，受疫情影响存货承压,Causality
祈福生活服务上半年收入微降2%，期内溢利大降17.1%,Parataxis
南下资金净流入13.33亿元，港股通(沪)净流入16.24亿,Phenomenon-Instance
长实集团上升2%，末期息明天除净,Parataxis
比亚迪跌近2%，王传福卸任子公司董事长,Parataxis
和信贷第四财季净营收410万美元，同比下滑85%,Supplement
美团首季经调整亏损2.16亿元，优于预期,Supplement
小赢科技第四季度净营收8.63亿元，同比增长18.3%,Supplement
小摩上调中国建材至增持评级，目标价升至12港元,Parataxis
瑞声逆市走低2%，暂四连跌,Parataxis
两大重磅利好推升，“金矿旁的卖水人”股价创历史新高,Causality
富智康今早下跌最多半成，现反弹逾3%,Contrast
金风科技升至买入评级，上调目标价至11港元,Parataxis
亚洲电视急涨51.11%，暂未公布原因,Other
花旗下调敏实集团目标价至24.3港元，维持买入评级,Parataxis
碧桂园服务升近4%，创上市新高,Supplement
信义光能急升近半成，惟中期少赚超过21.5%,Contrast
同程艺龙期内经调整溢利达7810万元，同比下降82.6%,Supplement
汇控及恒生仍升不足1%，遭穆迪降外币存款评级至负面,Causality
中金公司反弹3%，获野村提升目标,Causality
港股升幅扩大至800点，收复50天线,Supplement
港股跌幅扩至近1000点，曾穿23300点,Parataxis
天福5月22日回购1万股，耗资5万港币,Causality
花旗下调百威亚太目标价至25.9港元，维持买入评级,Parataxis
蓝港互动2019第三季度营收6253万元，同比下降44%,Supplement
陌陌第三季度营收44.52亿元，同比增长22%,Supplement
小米集团升近2%，五一销售额按年增长13%,Parataxis
华润啤酒升近5%，创上市新高,Supplement
人造肉板块拉升，双塔食品封涨停,Phenomenon-Instance
美股反弹，港股难受惠,Contrast
绿城服务获大行升目标，现扬5.22%,Causality
星谦发展中期多赚19%，较难预期今年销售表现,Parataxis
港股金融股大涨，恒生银行涨5.4%,Phenomenon-Instance
阳光油砂升逾28%，创1个月新高,Supplement
泰国科技公司净利骤降92%，股价暴跌71%,Parataxis
中航国际涨逾6%，本月以来已累升29%,Degree
沪综指重上3000大关，平保再扬近2%,Phenomenon-Instance
港股午后升幅扩大，现报25860点,Parataxis
海螺水泥再涨逾2%，获惠誉展望为“稳定”,Causality
新经济股普遍造好，猫眼娱乐涨逾4%,Phenomenon-Instance
日照港裕廊涨幅扩大至100%，股价暴涨82%,Parataxis
恒安国际跌近4%，暂四连挫,Parataxis
恒安国际升近2%，惟主动卖盘69%,Contrast
纽油期油升逾2%，三桶油齐造好,Phenomenon-Instance
拼多多否认回港股二次上市，称未与任何中介机构探讨过,Parataxis
中国人寿跌近4%，暂连跌2日,Parataxis
友邦今早跌至75元，现倒升逾1%,Contrast
香港本地地产股集体暴跌，长实等大跌,Phenomenon-Instance
京东战略投资国美，以1亿美元认购国美零售境外可转债,Parataxis
金鹰商贸集团5月27日回购24万股，耗资186万港币,Causality
复苏周期将超预期，下调挪威油轮等公司评级至减持,Inference
季度亏损，市值却破千亿美元,Contrast
京信通信涨近3%，获高盛首予买入评级,Causality
港股疫苗第一股康希诺大涨9%，上市四日累涨超70%,Degree
继格力后海信家电板块开启混改，无实控人激发企业活力？,Other
燃气股普遍回吐，华润燃气跌近3%,Phenomenon-Instance
零售股急涨，莎莎国际飙升16%,Phenomenon-Instance
上坤地产净负债率高达119%，赴港IPO能成救命稻草吗?,Inference
国泰君安国际5月27日回购70万股，耗资65万港币,Causality
恒指午后涨幅扩大至2%，蓝筹地产股、中资券商股上涨,Phenomenon-Instance
宏安地产遭遇洗仓，暴跌超60%,Causality
平安好医生急跌逾10%，主席执董不续任,Causality
港股恒指涨幅扩大至3.06%，地产股走高,Phenomenon-Instance
港交所逆市飙近5%，内地大型超市物美拟来港上市,Inference
据悉国泰航空将重组架构，港龙品牌或并入国泰,Inference
瑞银上调耐世特至买入评级，下调目标价至5.5港元,Parataxis
中国中药获摩笛吹奏，抽升逾11%,Causality
创业板迈入改革深水区，带来二次创业机遇,Causality
恒安国际上涨，累涨6%,Degree
兖煤跌近3%，惟第三季纯利升约4成,Contrast
桐成控股今再升，连涨三日,Parataxis
美国拟收紧粮食券发放，75万人或断粮,Inference
渣打集团涨近3%，破250天线,Supplement
小米再创历史新低，年内大跌36%,Parataxis
协鑫新能源下跌，跌破10天及20天线,Degree
部分零售股上扬，永安国际随市升近2%,Phenomenon-Instance
康臣药业5月4日回购79万股，耗资313万港币,Causality
内地公布光伏补贴名单，信义光能升3%,Causality
金鹰商贸集团6月2日回购0.9万股，耗资6万港币,Causality
柔宇科技低调完成3亿美元F轮融资，估值达60亿美元,Supplement
太阳城集团下跌，超过3%,Degree
中国铁塔跌近5%，创逾2个月新低,Supplement
新城发展现升近6%，破十天线,Supplement
水泥板块量价齐升，港交所短期内或重新估值,Inference
香港饮食股全线下跌，太兴集团跌近3%,Phenomenon-Instance
银杏教育创上市新高后回吐，现跌近两成,Contrast
时代邻里飙升7%，破顶,Supplement
苹果概念股大涨，瑞声科技暴涨10%,Phenomenon-Instance
远东发展5月18日回购34万股，耗资91万港币,Causality
富力地产计划发行2020年第1期私募债，发行规模不超10亿,Inference
美欧股市下挫，鲍威尔将再作证词,Inference
军工股延续强势，中国应急连续四日涨停,Phenomenon-Instance
澳门博彩股集体暴跌，永利澳门、金沙中国等均跌超7%,Phenomenon-Instance
航空股上涨，石油股下跌,Contrast
恒指低开0.67%，富智康大跌21.6%,Phenomenon-Instance
GE旗下贝克休斯遭起诉，因将工人暴露于有毒化学品中,Causality
领展升至跑赢大市评级，目标价降至70.58港元,Parataxis
万洲国际目标价为10.35港元，维持跑赢行业评级,Parataxis
恒地跌近5%，创1个月新低,Supplement
神州租车裂口开高近8%，北汽拟购21%股权,Inference
建行飙逾2%，破50天线,Supplement
比亚迪电子走低逾4%，暂七连跌,Parataxis
荷兰皇家壳牌Q3总营收同比降12%，但调整后净利超预期,Contrast
威高股份升逾3%，创上市新高,Parataxis
寺库网第二季度营收17.12亿元，同比增长40%,Supplement
物管股被永升配股拖累，时代邻里及蓝光嘉宝均跌逾3%,Phenomenon-Instance
颐海国际升近3%，创上市新高,Supplement
领展再跌3%，曾创近3年低位,Parataxis
置富产业信托下跌，超3%,Degree
香港建设(控股)5月4日回购2万股，耗资11万港币,Causality
通天酒业午后急跌30.26%，暂为最大跌幅个股,Parataxis
九毛九缩短管理半径，聚焦转型升级,Parataxis
中芯国际拟科创板IPO，股价涨近6%,Causality
澳洲成峰高教5月19日回购26万股，耗资7万港币,Causality
泰铢升值影响旅游业，泰政府拟缓征旅游税吸引游客,Inference
料港股近期将受A股牵引，可留意蓝筹股,Other
翰森制药获里昂升目标价，股份暂连升4日,Causality
物管股急涨，新城悦亦涨9%,Phenomenon-Instance
港股恒指涨1.06%，中手游今日涨4.24%,Phenomenon-Instance
安踏体育再涨逾2%，内地拟促进体育消费试点,Inference
中国透云升逾48%，主动买盘76%,Parataxis
腾讯第二季度净利润为241.36亿元，同比增长35%,Supplement
融创中国抽升逾3%，出售深A金科地产16%股权,Parataxis
MSCI新贵普遍续走高，美团点评权重获提升,Phenomenon-Instance
长实集团现在涨近2%，旗下新盘爱海颂预料本月推售,Inference
中远海能跌近10%，主动卖盘50%,Parataxis
内地降准港股ADR下跌，恒指走势预料偏淡,Inference
华电福新获华电集团溢价65.56%，复牌大涨近60%,Causality
台海核电终于要分红了，但股市却不买账,Contrast
希玛眼科升近20%，创52周新高,Supplement
瑞幸市值仅剩5亿美元，未来或被强制退市？,Inference
新濠国际五连跌，累跌8%,Degree
中金公司涨近4%，获大摩列为券商股首选,Causality
地摊经济火了，这些个股有望补涨,Other
瑞声科技今日将公布业绩，且董事会主席离任,Inference
港股区块链概念回调明显，但长线投资价值仍存,Contrast
威高股份升逾3%，破顶,Supplement
华彩控股升逾20%，主动买盘72%,Parataxis
港股午后升幅略减，现升265点,Contrast
巨星医疗控股5月26日回购1万股，耗资1万港币,Causality
中国中车中期多赚逾16%，现扬近2%,Parataxis
水泥股估值有提升空间，首选海螺水泥及中建材,Other
恒指迎重大调整，阿里美团有望8月纳入,Inference
农行升至增持评级，目标价上调至3.7港元,Parataxis
2018宝沃亏损占70%，系市场低迷及竞争加剧,Causality
小米集团目标价上调至15港元，升至买入评级,Parataxis
港股黄金贵金属板块走高，山东黄金涨2.49%,Phenomenon-Instance
康希诺生物现跌逾19%，惟曾创上市新高,Contrast
油轮指数续回落，中远海能跌逾4%,Phenomenon-Instance
联想集团第二财季营收948亿元，同比增长1%,Supplement
千亿巨头董事会主席被免，股价竟大涨5%,Contrast
NANYANG于5月27日回购0.25万股，耗资10万港币,Causality
出口股普遍受压，创科实业走低逾6%,Phenomenon-Instance
易易壹金融获邓清河溢价44.4%，提私有化,Causality
长实集团微升0.5%，获李嘉诚及李泽钜再增持135万股,Causality
8月份银行结售汇逆差收窄，环比降12%,Supplement
瑞幸咖啡摘牌在即，联想跻身第一大股东,Parataxis
大摩惟看好微盟，升目标价至7.4元,Parataxis
北向资金全天净流入11.4亿元，沪股通净流出23.21亿元,Contrast
世茂房地产升近4%，创上市新高,Supplement
中烟香港净利下滑30%，沽空压力加大,Parataxis
波司登抽高近6%，主动买盘75%,Parataxis
恒指跌至26500点下方，成交额增至705亿元,Parataxis
天福5月6日回购2万股，耗资13万港币,Causality
宜人贷第四季度净营收12.71亿元，同比下滑30%,Supplement
澳大利亚通货膨胀率急剧下降，导致澳元贬值,Causality
移卡评估香港IPO需求，或融资3亿美元,Inference
中银航空租赁目标价降至75港元，维持买入评级,Parataxis
希望教育升近3%，创上市新高,Supplement
深圳成立两只上市公司纾困私募基金，总规模为170亿元,Supplement
碧桂园服务升近2%，创上市新高,Supplement
阿里、腾讯均净增近2千亿，美团涨2%,Other
教育股逆市上扬，新高教涨约半成,Phenomenon-Instance
兴业太阳能六连跌，现反弹两成,Contrast
中石油跌逾2%，累跌约3%,Degree
美团二季度盈利大增95.5%，股价也大涨200%,Parataxis
中粮包装5月18日回购204万股，耗资609万港币,Causality
香港地产股跌幅扩大，新地走低逾3%,Phenomenon-Instance
东建国际上升40%，创1个月新高,Supplement
迪士尼将推真人版《星球大战》，流媒体之战升温,Other
汽车股随市回落，东风集团跌约5%,Phenomenon-Instance
腾讯升近1%，昨回购11万股,Parataxis
中国光大国际升近5%，报4.16港元,Supplement
李小加宣布届满不再续约，港交所股价跳水,Causality
港股ADR全线向上，预料大市跟随外围高开,Inference
东亚银行升幅扩大至18%，创近三个月新高,Supplement
中车时代现跌逾9%，创近五年新低,Supplement
券商板块尾盘强势拉升，华创阳安大涨9%,Phenomenon-Instance
多次回购，股价却依然找不到底,Contrast
河北建设抽升8%，创逾一年高位,Supplement
京东物流外部收入占比近40%，已服务超20万企业用户,Parataxis
拼多多12个月GMV达3448亿元，同比增长386%,Supplement
精熙国际6月1日回购11万股，耗资6万港币,Causality
北向资金净流入36.71亿元，深股通净流入26.3亿,Phenomenon-Instance
恒生银行跌近1%，连续两日创逾两年新低,Supplement
维他奶国际下跌4%，跌穿10天线,Degree
九毛九获华泰证券予买入，惟股价倒跌,Contrast
